warning_uid,warning_id,pair_id,rank,semantic_target_type,type,symbol,oracle_blind_rank,oracle_blind_score,ranker_source,reviewer1_label,reviewer1_notes,reviewer2_label,reviewer2_notes,adjudicated_label,adjudication_notes,label_source
ccf6ca0711b3a3fb07496b72daf90fe34a85e1a14e33485ddbfd4e0f281baa75,W-000018,latest-p013-v6.13-to-v6.14,1,NullabilityDrift,SignatureDrift,security_secid_to_secctx,1,15.75,,TRUE_SEMANTIC_DRIFT,"Direct C signature changed from char buffer outputs to lsm_context pointer, and Rust SecurityCtx::from_secid calls the changed binding inside a safe Result-returning API with safety comments. No oracle, but the Rust abstraction depends on the FFI contract.",TRUE_SEMANTIC_DRIFT,"Direct C signature changed from secdata/seclen outputs to struct lsm_context, and SecurityCtx::from_secid calls it through a safe API with safety and error-mapping evidence. No build oracle, but the Rust abstraction depends on the changed context contract.",TRUE_SEMANTIC_DRIFT,"Direct C signature changed from secdata/seclen outputs to lsm_context, and SecurityCtx::from_secid calls it through a safe Result API with safety/error evidence. No build or wrapper oracle, but the Rust abstraction depends on that FFI contract.",
fd7adb7aa151991c0fadce9167e16b157fdd69559e3aaba40a8ec27f668cded0,W-000016,latest-p012-v6.12-to-v6.13,2,NullabilityDrift,SignatureDrift,device_add_disk,44,10.55,,BENIGN_DRIFT,"device_add_disk evidence shows only core::ffi to ffi type spelling changes. Rust GenDiskBuilder exposure is real, but the oracle hit is documentation formatting and no changed API contract is shown.",FALSE_POSITIVE,"The packet shows generated binding churn or a namespace/type-alias-only change rather than supported C contract drift. Wrapper evidence is absent or not tied to the claimed drift, so the warning is not supported.",FALSE_POSITIVE,"The old/new evidence for device_add_disk is only type-path or namespace churn such as core::ffi to ffi, with no supported C contract drift or direct same-drift wrapper fix.",
f8dcd9f2cd00551e7fcbf283302d8a99ffb5521ed87acb06c679f5224daad64e,W-000017,latest-p012-v6.12-to-v6.13,3,NullabilityDrift,SignatureDrift,errname,45,10.55,,TRUE_WRAPPER_FIX,errname is reached by Error::name and the oracle hit explicitly integrates errname into Error Debug in rust/helpers.c and rust/kernel/error.rs. This matches the same Error wrapper surface.,TRUE_WRAPPER_FIX,"Later Rust wrapper/helper/binding evidence is in the same exposed API area and plausibly addresses the warned symbol or contract. C source evidence may be binding-only and no build log is present, so this is a wrapper-fix label, not build breakage.",TRUE_WRAPPER_FIX,"No build oracle. Error::name reaches errname, and the oracle explicitly integrates errname into the Rust Error formatting/helper path, matching the same wrapper contract.",
d8f79e467f86c84e1f291c195f6e4cb94569fce965006cb105f6518d6dab57b3,W-000003,latest-p003-v6.3-to-v6.4,4,NullabilityDrift,SignatureDrift,PTR_ERR,46,10.55,,TRUE_WRAPPER_FIX,"PTR_ERR is added and reached by to_result. The oracle hit adds a helper to convert C ERR_PTR to Result in rust/helpers.c and rust/kernel/error.rs, matching the same error-pointer contract.",TRUE_WRAPPER_FIX,"Later Rust wrapper/helper/binding evidence is in the same exposed API area and plausibly addresses the warned symbol or contract. C source evidence may be binding-only and no build log is present, so this is a wrapper-fix label, not build breakage.",TRUE_WRAPPER_FIX,"No build oracle. Rust reaches PTR_ERR through to_result, and the Error/ERR_PTR helper fixes in rust helpers and error.rs directly cover the same error-pointer conversion contract.",
a3d89044e191c0409751d7986088db2623ef9ff2bb3853007fe5cd574b88a786,W-000001,latest-p002-v6.2-to-v6.3,5,NullabilityDrift,SignatureDrift,REFCOUNT_INIT,47,10.55,,TRUE_WRAPPER_FIX,"REFCOUNT_INIT appears as an added binding reached by Arc::try_new, and oracle hits include implementing kernel::sync::Refcount, converting Arc to Refcount, and adding a refcount helper. That plausibly addresses the same refcount wrapper contract.",TRUE_WRAPPER_FIX,"Later Rust wrapper/helper/binding evidence is in the same exposed API area and plausibly addresses the warned symbol or contract. C source evidence may be binding-only and no build log is present, so this is a wrapper-fix label, not build breakage.",TRUE_WRAPPER_FIX,"No build oracle. Rust reaches REFCOUNT_INIT through Arc<T>::try_new, and refcount helper/Refcount or Arc conversion fixes directly cover the same refcount wrapper contract.",
762ae9d89108b8018f94f2c47247c4de6e59c6d10b5187fca6d2d1b9bc69c0b7,W-000003,latest-p010-v6.10-to-v6.11,6,NullabilityDrift,SignatureDrift,device_add_disk,48,10.55,,UNCLEAR,"device_add_disk is binding-only absent-to-added evidence and Rust reaches it through GenDiskBuilder, but the only wrapper-fix hit is GenDisk documentation formatting. That is not enough to prove a wrapper fix or semantic stale contract.",UNCLEAR,"The packet has only binding-level or absent-to-added evidence plus Rust exposure. There is no direct C source diff, build log, generated binding diff with semantics, or same-contract wrapper fix, so a conservative review cannot choose a stronger label.",UNCLEAR,"Rust reaches device_add_disk through GenDisk code, but the only wrapper hit is documentation formatting. Direct C diff, build evidence, or same-contract fix is missing.",
4b538a23e5b7e22f2cc86f95ffea064b2634aa0ab97449ad304889083dc27efd,W-000002,latest-p012-v6.12-to-v6.13,7,NullabilityDrift,SignatureDrift,IS_ERR,49,10.55,,TRUE_WRAPPER_FIX,"IS_ERR is reached by to_result, and the oracle hit adds a helper to convert C ERR_PTR to Result in rust/helpers.c and rust/kernel/error.rs. That directly matches the error-pointer wrapper contract.",TRUE_WRAPPER_FIX,"Later Rust wrapper/helper/binding evidence is in the same exposed API area and plausibly addresses the warned symbol or contract. C source evidence may be binding-only and no build log is present, so this is a wrapper-fix label, not build breakage.",TRUE_WRAPPER_FIX,"No build oracle. Rust reaches IS_ERR through to_result, and the Error/ERR_PTR helper fixes in rust helpers and error.rs directly cover the same error-pointer conversion contract.",
46b1fb124f9b8010a0bbad8532aec2f2ce82c1cb9537c8e6d0662155e5c3b565,W-000003,latest-p007-v6.7-to-v6.8,8,NullabilityDrift,SignatureDrift,mdiobus_write,50,10.55,,TRUE_WRAPPER_FIX,"mdiobus_write is added and reached by Device::write. The oracle hit is a Rust net::phy unified read/write API touching rust/kernel/net/phy.rs, plausibly addressing the same MDIO wrapper contract.",TRUE_WRAPPER_FIX,"Later Rust wrapper/helper/binding evidence is in the same exposed API area and plausibly addresses the warned symbol or contract. C source evidence may be binding-only and no build log is present, so this is a wrapper-fix label, not build breakage.",TRUE_WRAPPER_FIX,"No build oracle. Rust net PHY code reaches mdiobus_write, and the unified C22/C45 read/write API fix in rust/kernel/net/phy.rs matches the same MDIO/PHY wrapper contract.",
399880825c439eb15d3e73aa711d383a87e7dbba9e9a3173f6a97bdef4e841b7,W-000004,latest-p012-v6.12-to-v6.13,9,NullabilityDrift,SignatureDrift,REFCOUNT_INIT,51,10.55,,BENIGN_DRIFT,"The reported REFCOUNT_INIT drift is only core::ffi to ffi type spelling in generated binding evidence. Rust Arc/Refcount exposure is real, but the packet does not show a C contract change beyond equivalent type paths.",TRUE_WRAPPER_FIX,"Later Rust wrapper/helper/binding evidence is in the same exposed API area and plausibly addresses the warned symbol or contract. C source evidence may be binding-only and no build log is present, so this is a wrapper-fix label, not build breakage.",TRUE_WRAPPER_FIX,"No build oracle. Rust reaches REFCOUNT_INIT through Arc<T>::new, Arc<T>::into_unique_or_drop, UniqueArc<T>::new_uninit, and refcount helper/Refcount or Arc conversion fixes directly cover the same refcount wrapper contract.",
39859c860002f454586acf39f3d0df45a3189f1edc7868bad4cb189a795d4b8e,W-000003,latest-p012-v6.12-to-v6.13,10,NullabilityDrift,SignatureDrift,PTR_ERR,52,10.55,,TRUE_WRAPPER_FIX,"PTR_ERR is reached by to_result, and the oracle hit adds a helper to convert C ERR_PTR to Result in rust/helpers.c and rust/kernel/error.rs. That directly matches the error-pointer wrapper contract.",TRUE_WRAPPER_FIX,"Later Rust wrapper/helper/binding evidence is in the same exposed API area and plausibly addresses the warned symbol or contract. C source evidence may be binding-only and no build log is present, so this is a wrapper-fix label, not build breakage.",TRUE_WRAPPER_FIX,"No build oracle. Rust reaches PTR_ERR through to_result, and the Error/ERR_PTR helper fixes in rust helpers and error.rs directly cover the same error-pointer conversion contract.",
294099e6983e2b23170870a24c569e1b11781c73105816716babe3dd7be19618,W-000001,latest-p004-v6.4-to-v6.5,11,NullabilityDrift,SignatureDrift,errname,53,10.55,,TRUE_WRAPPER_FIX,"errname is added and reached by Error::name. The oracle hit explicitly integrates errname into Error Debug in rust/helpers.c and rust/kernel/error.rs, matching the same symbol/wrapper contract.",TRUE_WRAPPER_FIX,"Later Rust wrapper/helper/binding evidence is in the same exposed API area and plausibly addresses the warned symbol or contract. C source evidence may be binding-only and no build log is present, so this is a wrapper-fix label, not build breakage.",TRUE_WRAPPER_FIX,"No build oracle. Error::name reaches errname, and the oracle explicitly integrates errname into the Rust Error formatting/helper path, matching the same wrapper contract.",
d668e025ab0727df4a19529d3eaa4e08a0e8e04c23fa27b5dd2701fb50ba80c6,W-000004,latest-p010-v6.10-to-v6.11,12,NullabilityDrift,SignatureDrift,errno_to_blk_status,54,10.2,,TRUE_WRAPPER_FIX,"errno_to_blk_status is added and reached by Error::to_blk_status. The oracle hit changes rust/kernel/error.rs Error representation, plausibly addressing the same Error conversion surface, though it does not name blk_status.",UNCLEAR,"The packet has only binding-level or absent-to-added evidence plus Rust exposure. There is no direct C source diff, build log, generated binding diff with semantics, or same-contract wrapper fix, so a conservative review cannot choose a stronger label.",UNCLEAR,"Rust reaches errno_to_blk_status, but the only oracle hit is a broad Error representation change. Direct C diff, build evidence, or same-symbol blk_status fix is missing.",
619fc183747ad8095d328a64ad4dffb10c831cc475a5cc5f33de74ad0b4558ee,W-000001,latest-p012-v6.12-to-v6.13,13,NullabilityDrift,SignatureDrift,ERR_PTR,56,10.2,,TRUE_WRAPPER_FIX,ERR_PTR is reached by Error conversion and oracle hits add Error::to_ptr / Error wrapper changes. That plausibly addresses the same C error-pointer wrapper contract.,TRUE_WRAPPER_FIX,"Later Rust wrapper/helper/binding evidence is in the same exposed API area and plausibly addresses the warned symbol or contract. C source evidence may be binding-only and no build log is present, so this is a wrapper-fix label, not build breakage.",TRUE_WRAPPER_FIX,"No build oracle. Rust reaches ERR_PTR through Error::to_blk_status, and the Error/ERR_PTR helper fixes in rust helpers and error.rs directly cover the same error-pointer conversion contract.",
54225f142a952eea67a81b5b332ef77b7114b75ce97453c238d1110be97165d5,W-000001,latest-p003-v6.3-to-v6.4,14,NullabilityDrift,SignatureDrift,ERR_PTR,57,10.2,,TRUE_WRAPPER_FIX,"ERR_PTR is added and Rust Error exposes pointer conversion. Oracle hits add Error::to_ptr and related Error wrapper changes, matching the same error-pointer contract.",TRUE_WRAPPER_FIX,"Later Rust wrapper/helper/binding evidence is in the same exposed API area and plausibly addresses the warned symbol or contract. C source evidence may be binding-only and no build log is present, so this is a wrapper-fix label, not build breakage.",TRUE_WRAPPER_FIX,"No build oracle. Rust reaches ERR_PTR through Error::to_errno, and the Error/ERR_PTR helper fixes in rust helpers and error.rs directly cover the same error-pointer conversion contract.",
4be0f10410a82b17143a9815c512f6f6670896ddbda91713c0011fce8dcb611d,W-000002,latest-p003-v6.3-to-v6.4,15,NullabilityDrift,SignatureDrift,IS_ERR,58,10.2,,TRUE_WRAPPER_FIX,"IS_ERR is added and reached by to_result. The oracle hit adds a helper to convert C ERR_PTR to Result in rust/helpers.c and rust/kernel/error.rs, matching the same error-pointer contract.",TRUE_WRAPPER_FIX,"Later Rust wrapper/helper/binding evidence is in the same exposed API area and plausibly addresses the warned symbol or contract. C source evidence may be binding-only and no build log is present, so this is a wrapper-fix label, not build breakage.",TRUE_WRAPPER_FIX,"No build oracle. Rust reaches IS_ERR through to_result, and the Error/ERR_PTR helper fixes in rust helpers and error.rs directly cover the same error-pointer conversion contract.",
0217c5aca3beed930cd6cd613e9717d4a78ab28013cffd3881c7d5c7ab7db42a,W-000018,latest-p012-v6.12-to-v6.13,16,NullabilityDrift,SignatureDrift,errno_to_blk_status,59,10.2,,BENIGN_DRIFT,"errno_to_blk_status evidence shows only core::ffi to ffi type spelling changes. Rust Error::to_blk_status exposure is real, but the oracle summary does not specifically address this symbol or a changed contract.",FALSE_POSITIVE,"The packet shows generated binding churn or a namespace/type-alias-only change rather than supported C contract drift. Wrapper evidence is absent or not tied to the claimed drift, so the warning is not supported.",FALSE_POSITIVE,"The old/new evidence for errno_to_blk_status is only type-path or namespace churn such as core::ffi to ffi, with no supported C contract drift or direct same-drift wrapper fix.",
c19cb71e527982293eb6cd548ace442bf00f6dfe460d7dd1b8d6137f2f753c96,W-000007,latest-p016-v6.16-to-v6.17,17,NullabilityDrift,SignatureDrift,regulator_get_voltage,60,9.8,,TRUE_WRAPPER_FIX,"regulator_get_voltage is added and reached by Regulator<T>::get_voltage. The oracle hit fixes the Regulator wrapper invariant around regulator_get returning non-null, which plausibly affects methods using the stored regulator pointer.",UNCLEAR,"The packet has only binding-level or absent-to-added evidence plus Rust exposure. There is no direct C source diff, build log, generated binding diff with semantics, or same-contract wrapper fix, so a conservative review cannot choose a stronger label.",UNCLEAR,"Rust reaches regulator_get_voltage, but evidence is binding-level absent-to-added only. The regulator_get non-null fix is same module but not a direct fix for this warned symbol or contract.",
ceec60364681244ca5b696b5e694638302c96fdf2b65b32ac43ecff8c29ae0ab,W-000008,latest-p013-v6.13-to-v6.14,18,NullabilityDrift,SignatureDrift,pci_enable_device_mem,64,9.55,,TRUE_WRAPPER_FIX,"pci_enable_device_mem is added and reached by pci::Device::enable_device_mem. The oracle hit fixes pci::Device mutability in rust/kernel/pci.rs, plausibly addressing the same PCI Device wrapper contract, though not naming this function.",UNCLEAR,"The packet has only binding-level or absent-to-added evidence plus Rust exposure. There is no direct C source diff, build log, generated binding diff with semantics, or same-contract wrapper fix, so a conservative review cannot choose a stronger label.",UNCLEAR,"Rust reaches pci_enable_device_mem, but evidence is binding-level absent-to-added only. The pci::Device mutability fix is broad and not direct to this function contract.",
9b85a80903051f937feb20f75aa41dcf43776b5937e2b13e4ee4b3a249821675,W-000003,latest-p013-v6.13-to-v6.14,19,NullabilityDrift,SignatureDrift,faux_device_create,66,9.55,,TRUE_WRAPPER_FIX,"faux_device_create is added and reached by Registration::new. The oracle hit adds faux device bindings and rust/kernel/faux.rs, matching the same wrapper surface.",TRUE_WRAPPER_FIX,"Later Rust wrapper/helper/binding evidence is in the same exposed API area and plausibly addresses the warned symbol or contract. C source evidence may be binding-only and no build log is present, so this is a wrapper-fix label, not build breakage.",TRUE_WRAPPER_FIX,"No build oracle. The Rust faux-device wrapper reaches faux_device_create, and the oracle adds faux device bindings in rust/kernel/faux.rs, directly matching that wrapper surface.",
58bf7f2f2d74c5ec6be9fcd8a9b33e90df0d6227323e4b82048987d533465397,W-000003,latest-p020-v7.0-to-HEAD_9207d47f966b,20,NullabilityDrift,SignatureDrift,gpu_buddy_alloc_blocks,69,9.55,,TRUE_WRAPPER_FIX,"gpu_buddy_alloc_blocks is added and reached by GpuBuddy::avail. The oracle hit adds GPU buddy allocator bindings and helpers, matching the same wrapper surface.",TRUE_WRAPPER_FIX,"Later Rust wrapper/helper/binding evidence is in the same exposed API area and plausibly addresses the warned symbol or contract. C source evidence may be binding-only and no build log is present, so this is a wrapper-fix label, not build breakage.",TRUE_WRAPPER_FIX,"No build oracle. GpuBuddy reaches gpu_buddy_alloc_blocks, and the oracle adds GPU buddy allocator bindings/helpers, matching the same wrapper surface.",
963e9c3f245df7dbddfb6510d5bdce385baa52647a535cc89dea31e01644d642,W-000010,latest-p018-v6.18-to-v6.19,21,OwnershipRefcountDrift,MacroConstDrift,VM_HUGETLB,15,13.05,,UNCLEAR,"The VM_* macro source expression changed and Rust has an unsafe-wrapper exposure, but the packet lacks old/new generated binding evidence and any oracle. The evidence does not show whether INIT_VM_FLAG changes the Rust-visible value or contract.",BENIGN_DRIFT,"C macro spelling changed and Rust references the generated VM flag area, but the packet lacks generated binding value evidence or a Rust stale numeric assumption. The exposure appears robust to regenerated constants; no build or wrapper oracle.",BENIGN_DRIFT,"C macro spelling for VM_HUGETLB changed, but Rust virt flags mirror bindings::VM_HUGETLB rather than hardcoding numeric values. No build or wrapper oracle and no stale Rust assumption is shown.",
f6741da33cd41c225aef023b1b2a71f2e315f0610d131c539603cbe7aedb8ec6,W-000176,latest-p017-v6.17-to-v6.18,22,OwnershipRefcountDrift,SignatureDrift,refcount_set,61,9.55,,TRUE_WRAPPER_FIX,"refcount_set is added and reached by Refcount::set. Oracle hits implement kernel::sync::Refcount and add refcount helpers, matching the same refcount wrapper contract.",TRUE_WRAPPER_FIX,"Later Rust wrapper/helper/binding evidence is in the same exposed API area and plausibly addresses the warned symbol or contract. C source evidence may be binding-only and no build log is present, so this is a wrapper-fix label, not build breakage.",TRUE_WRAPPER_FIX,"No build oracle. Rust reaches refcount_set through Refcount::set, and refcount helper/Refcount or Arc conversion fixes directly cover the same refcount wrapper contract.",
e84376739087219bcc38994e1c5a706e89c793f10d457b8fe7e447738ffabae9,W-000001,latest-p016-v6.16-to-v6.17,23,OwnershipRefcountDrift,SignatureDrift,dev_set_drvdata,62,9.55,,TRUE_WRAPPER_FIX,"dev_set_drvdata is added and reached by Device<CoreInternal>::set_drvdata with ForeignOwnable ownership evidence. The oracle hit changes Rust driver probe initialization, plausibly tied to driver private-data setup, but the packet lacks a direct diff.",UNCLEAR,"The packet has only binding-level or absent-to-added evidence plus Rust exposure. There is no direct C source diff, build log, generated binding diff with semantics, or same-contract wrapper fix, so a conservative review cannot choose a stronger label.",UNCLEAR,"Rust reaches dev_set_drvdata, but the only oracle hit is a broad driver probe initialization change. Direct C diff, build evidence, or same-symbol wrapper fix is missing.",
dee765bcd2302ae60a2b8879f2ad930b8bdb343af3df1fd16c994112640d77c5,W-000175,latest-p017-v6.17-to-v6.18,24,OwnershipRefcountDrift,SignatureDrift,refcount_dec,63,9.55,,TRUE_WRAPPER_FIX,"refcount_dec is added and reached by Refcount::dec. Oracle hits implement kernel::sync::Refcount and add refcount helpers, matching the same refcount wrapper contract.",TRUE_WRAPPER_FIX,"Later Rust wrapper/helper/binding evidence is in the same exposed API area and plausibly addresses the warned symbol or contract. C source evidence may be binding-only and no build log is present, so this is a wrapper-fix label, not build breakage.",TRUE_WRAPPER_FIX,"No build oracle. Rust reaches refcount_dec through Refcount::dec, and refcount helper/Refcount or Arc conversion fixes directly cover the same refcount wrapper contract.",
bf0239ecb4a8636d1f5d293b49540036874cdf6d0b0e0eb01432cc8aa046c516,W-000177,latest-p017-v6.17-to-v6.18,25,OwnershipRefcountDrift,SignatureDrift,set_bit,65,9.55,,FALSE_POSITIVE,"The old evidence for set_bit is a Rust method-like signature, while the new evidence is a C binding signature. That looks mismapped rather than a supported C-side drift, despite bitmap wrapper oracle hits.",FALSE_POSITIVE,"The old evidence is a Rust Bitmap method signature while the new evidence is the C set_bit signature, so the old/new comparison is mismapped. Even though bitmap commits are mentioned, the claimed drift itself is unsupported.",FALSE_POSITIVE,The old evidence is a Rust Bitmap method-like signature while the new evidence is the C set_bit signature. That old/new comparison is mismapped despite bitmap oracle hits.,
8c2f25a2f43cae63159baca641b091a3d1d0ef9a7c196e16ee21ec6db94a9e42,W-000014,latest-p012-v6.12-to-v6.13,26,OwnershipRefcountDrift,SignatureDrift,current_euid,67,9.55,,TRUE_WRAPPER_FIX,"current_euid is added and reached by Kuid::current_euid. The oracle hit adds the Kuid wrapper with task/cred helper files, matching the same credential wrapper surface.",TRUE_WRAPPER_FIX,"Later Rust wrapper/helper/binding evidence is in the same exposed API area and plausibly addresses the warned symbol or contract. C source evidence may be binding-only and no build log is present, so this is a wrapper-fix label, not build breakage.",TRUE_WRAPPER_FIX,"No build oracle. Rust task/Kuid APIs reach current_euid, and the Kuid/task credential wrapper fix touches task/cred helpers for the same identity/namespace contract.",
62b0c8d3f4200a34a01997d72d09f2ef14124af8139cf0f9ac0df1b3d585e12f,W-000004,latest-p016-v6.16-to-v6.17,27,OwnershipRefcountDrift,SignatureDrift,poll_wait,68,9.55,,TRUE_WRAPPER_FIX,"poll_wait is added and reached by PollTable::register_wait. The oracle hit explicitly allows poll_table pointers to be null in poll helpers and sync/poll.rs, matching the same poll_wait contract.",TRUE_WRAPPER_FIX,"Later Rust wrapper/helper/binding evidence is in the same exposed API area and plausibly addresses the warned symbol or contract. C source evidence may be binding-only and no build log is present, so this is a wrapper-fix label, not build breakage.",TRUE_WRAPPER_FIX,"No build oracle. PollTable::register_wait reaches poll_wait, and the oracle allows null poll_table pointers in poll helpers and sync/poll.rs, matching the same contract.",
339034d13e5b54b7835e94c98504f8cbc6b3061ac81732d89bc79791620c64bc,W-000030,latest-p012-v6.12-to-v6.13,28,OwnershipRefcountDrift,SignatureDrift,task_tgid_nr_ns,70,9.55,,TRUE_WRAPPER_FIX,"task_tgid_nr_ns is added and reached by Task::tgid_nr_ns. The oracle hit adds task/cred helper files for the Kuid/task wrapper area, plausibly addressing the same task identity contract.",TRUE_WRAPPER_FIX,"Later Rust wrapper/helper/binding evidence is in the same exposed API area and plausibly addresses the warned symbol or contract. C source evidence may be binding-only and no build log is present, so this is a wrapper-fix label, not build breakage.",TRUE_WRAPPER_FIX,"No build oracle. Rust task/Kuid APIs reach task_tgid_nr_ns, and the Kuid/task credential wrapper fix touches task/cred helpers for the same identity/namespace contract.",
3138a3da8567dd4603de043dc591c9ddcdb6aa5d68ca2bd35a8fb1b8a6e6fff8,W-000031,latest-p012-v6.12-to-v6.13,29,OwnershipRefcountDrift,SignatureDrift,task_uid,71,9.55,,TRUE_WRAPPER_FIX,"task_uid is added and reached by Task::uid. The oracle hit adds the Kuid wrapper with task/cred helper files, matching the same task credential wrapper surface.",TRUE_WRAPPER_FIX,"Later Rust wrapper/helper/binding evidence is in the same exposed API area and plausibly addresses the warned symbol or contract. C source evidence may be binding-only and no build log is present, so this is a wrapper-fix label, not build breakage.",TRUE_WRAPPER_FIX,"No build oracle. Rust task/Kuid APIs reach task_uid, and the Kuid/task credential wrapper fix touches task/cred helpers for the same identity/namespace contract.",
243b1d99a06d77af10b06654340c84b9aac8c8dfff2f9623ee2ebdf7c7fe7a35,W-000174,latest-p017-v6.17-to-v6.18,30,OwnershipRefcountDrift,SignatureDrift,clear_bit,72,9.55,,TRUE_WRAPPER_FIX,"clear_bit is added and reached by Bitmap::clear_bit_atomic. Oracle hits add bitops bindings and the bitmap API in Rust, matching the same bit operation wrapper surface.",TRUE_WRAPPER_FIX,"Later Rust wrapper/helper/binding evidence is in the same exposed API area and plausibly addresses the warned symbol or contract. C source evidence may be binding-only and no build log is present, so this is a wrapper-fix label, not build breakage.",TRUE_WRAPPER_FIX,"No build oracle. Rust bitmap APIs reach clear_bit, and bitops/bitmap binding/API fixes cover the same bitmap wrapper contract.",
146b834d38a0ccd8443d43e2f7bdef1036c90edb04125b82bc87ce61c896801c,W-000173,latest-p017-v6.17-to-v6.18,31,OwnershipRefcountDrift,SignatureDrift,bitmap_copy_and_extend,73,9.55,,TRUE_WRAPPER_FIX,"bitmap_copy_and_extend is added and reached by Bitmap::copy_and_extend. Oracle hits add bitmap.h bindings and the Rust bitmap API, matching the same bitmap wrapper surface.",TRUE_WRAPPER_FIX,"Later Rust wrapper/helper/binding evidence is in the same exposed API area and plausibly addresses the warned symbol or contract. C source evidence may be binding-only and no build log is present, so this is a wrapper-fix label, not build breakage.",TRUE_WRAPPER_FIX,"No build oracle. Rust bitmap APIs reach bitmap_copy_and_extend, and bitops/bitmap binding/API fixes cover the same bitmap wrapper contract.",
119a349c47af70cdf947384b3f4192ff68cc5ff01eabe524b0a66fbbcaf2a70a,W-000029,latest-p012-v6.12-to-v6.13,32,OwnershipRefcountDrift,SignatureDrift,task_euid,74,9.55,,TRUE_WRAPPER_FIX,"task_euid is added and reached by Task::euid. The oracle hit adds the Kuid wrapper with task/cred helper files, matching the same task credential wrapper surface.",TRUE_WRAPPER_FIX,"Later Rust wrapper/helper/binding evidence is in the same exposed API area and plausibly addresses the warned symbol or contract. C source evidence may be binding-only and no build log is present, so this is a wrapper-fix label, not build breakage.",TRUE_WRAPPER_FIX,"No build oracle. Rust task/Kuid APIs reach task_euid, and the Kuid/task credential wrapper fix touches task/cred helpers for the same identity/namespace contract.",
01dd11450aa99f882f988059f9eb79b773dc7d0bc7326804d01ad5b92b812545,W-000008,latest-p016-v6.16-to-v6.17,33,OwnershipRefcountDrift,SignatureDrift,regulator_is_enabled,75,9.55,,TRUE_WRAPPER_FIX,"regulator_is_enabled is added and reached by Regulator<T>::is_enabled. The oracle hit fixes the Regulator wrapper invariant around regulator_get returning non-null, plausibly affecting this method via the stored regulator pointer.",UNCLEAR,"The packet has only binding-level or absent-to-added evidence plus Rust exposure. There is no direct C source diff, build log, generated binding diff with semantics, or same-contract wrapper fix, so a conservative review cannot choose a stronger label.",UNCLEAR,"Rust reaches regulator_is_enabled, but evidence is binding-level absent-to-added only. The regulator_get non-null fix is same module but not a direct fix for this warned symbol or contract.",
f24d684890fa6de99a5bee42d7eaa0c8467ce5f8ca70a1696b2da578ef3cfb8d,W-000009,latest-p016-v6.16-to-v6.17,34,OwnershipRefcountDrift,SignatureDrift,regulator_put,100,7.2,,TRUE_WRAPPER_FIX,"regulator_put is reached from Regulator<T> Drop. The oracle hit fixes the Regulator wrapper invariant around regulator_get returning non-null, plausibly affecting ownership/drop of the stored regulator pointer.",UNCLEAR,"The packet has only binding-level or absent-to-added evidence plus Rust exposure. There is no direct C source diff, build log, generated binding diff with semantics, or same-contract wrapper fix, so a conservative review cannot choose a stronger label.",UNCLEAR,"Rust reaches regulator_put, but evidence is binding-level absent-to-added only. The regulator_get non-null fix is same module but not a direct fix for this warned symbol or contract.",
c8d6fc56309976a615d6001c50ff0e03df7ee22ec6491a0ba41b20a543e6be3e,W-000006,latest-p016-v6.16-to-v6.17,35,OwnershipRefcountDrift,SignatureDrift,regulator_enable,101,7.2,,TRUE_WRAPPER_FIX,"regulator_enable is reached from Regulator<T>::enable_internal. The oracle hit fixes the Regulator wrapper invariant around regulator_get returning non-null, plausibly affecting stored-pointer methods including enable.",UNCLEAR,"The packet has only binding-level or absent-to-added evidence plus Rust exposure. There is no direct C source diff, build log, generated binding diff with semantics, or same-contract wrapper fix, so a conservative review cannot choose a stronger label.",UNCLEAR,"Rust reaches regulator_enable, but evidence is binding-level absent-to-added only. The regulator_get non-null fix is same module but not a direct fix for this warned symbol or contract.",
645685a5c968de23773c34ab2cd333aa890e9e4e353eb5a2e3e8a0fc653fdaef,W-000004,latest-p003-v6.3-to-v6.4,36,OwnershipRefcountDrift,SignatureDrift,put_task_struct,103,7.2,,UNCLEAR,"put_task_struct is added and reached by an unsafe dec_ref path, but the oracle hit is a truncated Kuid wrapper summary. The packet does not show a fix for put_task_struct or enough C-side source evidence.",UNCLEAR,"The packet has only binding-level or absent-to-added evidence plus Rust exposure. There is no direct C source diff, build log, generated binding diff with semantics, or same-contract wrapper fix, so a conservative review cannot choose a stronger label.",UNCLEAR,"Rust reaches put_task_struct through an unsafe refcount path, but the oracle hit is a broader Kuid/task wrapper change. Direct source or same-symbol fix evidence is missing.",
28428b414f5639c65a2851dcc94217854c526796cf4cbdaba61bbf2197a9c6ee,W-000004,latest-p013-v6.13-to-v6.14,37,OwnershipRefcountDrift,SignatureDrift,faux_device_destroy,104,7.2,,TRUE_WRAPPER_FIX,"faux_device_destroy is added and reached by the Rust faux-device wrapper. The oracle hit adds faux device bindings and rust/kernel/faux.rs, matching the same wrapper surface.",TRUE_WRAPPER_FIX,"Later Rust wrapper/helper/binding evidence is in the same exposed API area and plausibly addresses the warned symbol or contract. C source evidence may be binding-only and no build log is present, so this is a wrapper-fix label, not build breakage.",TRUE_WRAPPER_FIX,"No build oracle. The Rust faux-device wrapper reaches faux_device_destroy, and the oracle adds faux device bindings in rust/kernel/faux.rs, directly matching that wrapper surface.",
ad908c1d2df73ca695ab4d6abac4f76baf4bb83d06cbe482ce3121d0bb20f74b,W-000002,latest-p002-v6.2-to-v6.3,38,OwnershipRefcountDrift,SignatureDrift,refcount_dec_and_test,106,6.85,,TRUE_WRAPPER_FIX,"refcount_dec_and_test is added and reached by Rust refcount/Arc code. Oracle hits implement kernel::sync::Refcount, convert Arc to Refcount, and add refcount helpers, matching the same contract.",TRUE_WRAPPER_FIX,"Later Rust wrapper/helper/binding evidence is in the same exposed API area and plausibly addresses the warned symbol or contract. C source evidence may be binding-only and no build log is present, so this is a wrapper-fix label, not build breakage.",TRUE_WRAPPER_FIX,"No build oracle. Rust reaches refcount_dec_and_test through drop, and refcount helper/Refcount or Arc conversion fixes directly cover the same refcount wrapper contract.",
36f02d1dbe57d59735051d5d28622d2b0fc3300572fceab2b35927b74b857fc3,W-000002,latest-p015-v6.15-to-v6.16,39,OwnershipRefcountDrift,SignatureDrift,drm_gem_object_get,111,6.85,"binding_diff,rust_use",TRUE_WRAPPER_FIX,"The generated binding change reaches a Rust safe API or unsafe wrapper, and the wrapper oracle names a later Rust helper/wrapper change in the same symbol family or exposure path. No build breakage is shown.",TRUE_WRAPPER_FIX,The packet cites Rust wrapper/helper code for this symbol and a later same-module Rust commit that plausibly changes the matching wrapper path. I do not infer build breakage or semantic drift beyond that wrapper-fix evidence.,TRUE_WRAPPER_FIX,"Wrapper-fix evidence is direct enough: Rust use in inc_ref at worktrees/v6.16/rust/kernel/drm/gem/mod.rs:61 reaches `drm_gem_object_get`, and the oracle names a same-path Rust helper/wrapper change (38cb08c3fc... rust: drm: gem: Implement AlwaysRefCounted for all gem objects automatically files=[""rust/kernel/drm/gem/mod.rs""] | 5ae65bdcb8... Partially revert ""rust: drm: gem:...). Build breakage is absent, so this is not a build label.",binddrift_review_pooled_pending
245a9fa4c37d85bac85d5ac5375b3cc0ed4b091e9611d29dbf08beec8f3258d2,W-000003,latest-p002-v6.2-to-v6.3,40,OwnershipRefcountDrift,SignatureDrift,refcount_inc,112,6.85,,TRUE_WRAPPER_FIX,"refcount_inc is added and reached by Rust refcount/Arc code. Oracle hits implement kernel::sync::Refcount, convert Arc to Refcount, and add refcount helpers, matching the same contract.",TRUE_WRAPPER_FIX,"Later Rust wrapper/helper/binding evidence is in the same exposed API area and plausibly addresses the warned symbol or contract. C source evidence may be binding-only and no build log is present, so this is a wrapper-fix label, not build breakage.",TRUE_WRAPPER_FIX,"No build oracle. Rust reaches refcount_inc through clone, and refcount helper/Refcount or Arc conversion fixes directly cover the same refcount wrapper contract.",
c4edd1024dd2d95c013e77ab1f56971125358b9c202731c97e2b15c3855c5e09,W-000004,latest-p019-v6.19-to-v7.0,41,AllocationFreeDrift,SignatureDrift,dma_free_attrs,7,13.05,,BENIGN_DRIFT,"dma_free_attrs changed from static to static inline with the same return type and parameters. Rust Drop reaches it, but the packet shows no changed calling, lifetime, or ownership contract.",BENIGN_DRIFT,"C evidence only changes static vs static inline with identical parameters. Rust calls it from an unsafe drop path, but no changed ownership, lifetime, error, or layout contract is shown, and there is no build or wrapper oracle.",BENIGN_DRIFT,"C changed dma_free_attrs from static to static inline with identical parameters. Rust Drop reaches it, but no changed calling, lifetime, ownership, or layout contract is shown.",
b89f88bdf55082272dea6523f15128d491086ffe51f6e508731844462aa2de79,W-000017,latest-p013-v6.13-to-v6.14,42,AllocationFreeDrift,SignatureDrift,security_release_secctx,9,13.05,,TRUE_SEMANTIC_DRIFT,"Direct C signature changed from char pointer/length to lsm_context pointer, and Rust SecurityCtx Drop calls security_release_secctx inside an unsafe block with an invariant comment. The release/lifetime contract plausibly depends on the changed C API.",TRUE_SEMANTIC_DRIFT,"Direct C signature changed from secdata/seclen release to struct lsm_context release, and SecurityCtx::drop calls it inside an unsafe wrapper with ownership/lifetime evidence. No build oracle, but the stale release contract is maintainer-reviewable.",TRUE_SEMANTIC_DRIFT,"Direct C signature changed from secdata/seclen release to lsm_context, and SecurityCtx drop reaches it through an unsafe ownership path. No build or wrapper oracle, but the release contract reaches Rust.",
a7b50f9e01fa519b3ca5429567469093b01a1a6e6aac05980f9c6eb72628692a,W-000019,latest-p012-v6.12-to-v6.13,43,AllocationFreeDrift,SignatureDrift,firmware_request_nowarn,95,7.85,,TRUE_WRAPPER_FIX,"firmware_request_nowarn is reached from the Firmware request wrapper. The oracle hit fixes a soundness issue in request_internal in rust/kernel/firmware.rs, plausibly addressing the same firmware request contract.",FALSE_POSITIVE,"The packet shows generated binding churn or a namespace/type-alias-only change rather than supported C contract drift. Wrapper evidence is absent or not tied to the claimed drift, so the warning is not supported.",TRUE_WRAPPER_FIX,"No build oracle. request_nowarn reaches the firmware request path, and the oracle fixes request_internal soundness in rust/kernel/firmware.rs, the same Rust exposure path.",
25643bdc317201099f3996929534e461a5e3b66bab025ea361e57a28b7349365,W-000005,latest-p010-v6.10-to-v6.11,44,AllocationFreeDrift,SignatureDrift,firmware_request_nowarn,98,7.85,"binding_diff,rust_use",TRUE_WRAPPER_FIX,"The generated binding change reaches a Rust safe API or unsafe wrapper, and the wrapper oracle names a later Rust helper/wrapper change in the same symbol family or exposure path. No build breakage is shown.",TRUE_WRAPPER_FIX,The packet cites Rust wrapper/helper code for this symbol and a later same-module Rust commit that plausibly changes the matching wrapper path. I do not infer build breakage or semantic drift beyond that wrapper-fix evidence.,TRUE_WRAPPER_FIX,"Wrapper-fix evidence is direct enough: Rust use in request_nowarn at worktrees/v6.11/rust/kernel/firmware.rs:24 reaches `firmware_request_nowarn`, and the oracle names a same-path Rust helper/wrapper change (a23b018c3b... firmware_loader: fix soundness issue in `request_internal` files=[""rust/kernel/firmware.rs""]). Build breakage is absent, so this is not a build label.",binddrift_review_pooled_pending
d17b4b785cc4f5c69ab603a4ae7c45cc11eca7e2e37457a72298a48876dfb92c,W-000001,latest-p013-v6.13-to-v6.14,45,AllocationFreeDrift,SignatureDrift,devm_add_action,105,6.85,"binddrift_current,binding_diff,c_signature,random,rust_use",TRUE_WRAPPER_FIX,"The generated binding change reaches a Rust safe API or unsafe wrapper, and the wrapper oracle names a later Rust helper/wrapper change in the same symbol family or exposure path. No build breakage is shown.",TRUE_WRAPPER_FIX,The packet cites Rust wrapper/helper code for this symbol and a later same-module Rust commit that plausibly changes the matching wrapper path. I do not infer build breakage or semantic drift beyond that wrapper-fix evidence.,TRUE_WRAPPER_FIX,"Wrapper-fix evidence is direct enough: Rust use in new at worktrees/v6.14/rust/kernel/devres.rs:119 reaches `devm_add_action`, and the oracle names a same-path Rust helper/wrapper change (ba268514ea... rust: devres: fix race condition due to nesting files=[""rust/kernel/devres.rs""]). Build breakage is absent, so this is not a build label.",binddrift_review_pooled_pending
4429b9f68320443b4083f3e7613aac8d9bd743aa50e186cb92751c5237f575ae,W-000007,latest-p020-v7.0-to-HEAD_9207d47f966b,46,AllocationFreeDrift,SignatureDrift,gpu_buddy_free_list,110,6.85,"binding_diff,rust_use",TRUE_WRAPPER_FIX,"The generated binding change reaches a Rust safe API or unsafe wrapper, and the wrapper oracle names a later Rust helper/wrapper change in the same symbol family or exposure path. No build breakage is shown.",UNCLEAR,"There is Rust-side use and a related commit family, but the C evidence is only generated absent-to-added data and the packet lacks the full wrapper diff needed to confirm the same contract.",UNCLEAR,"The packet has Rust use in drop at worktrees/HEAD_9207d47f966b/rust/kernel/gpu/buddy.rs:541 for `gpu_buddy_free_list`, but C evidence is generated absent-to-added data and the full same-contract wrapper diff is missing. The oracle is related but not enough for TRUE_WRAPPER_FIX.",binddrift_review_pooled_pending
9f4f97fae7c3c55d8a0d1befe0e7d23df4fdeeb5a5d0977fd9d4c9bed66addcd,W-000007,latest-p010-v6.10-to-v6.11,47,AllocationFreeDrift,SignatureDrift,request_firmware,117,-6.5,"binding_diff,rust_use",TRUE_WRAPPER_FIX,"The generated binding change reaches a Rust safe API or unsafe wrapper, and the wrapper oracle names a later Rust helper/wrapper change in the same symbol family or exposure path. No build breakage is shown.",TRUE_WRAPPER_FIX,The packet cites Rust wrapper/helper code for this symbol and a later same-module Rust commit that plausibly changes the matching wrapper path. I do not infer build breakage or semantic drift beyond that wrapper-fix evidence.,TRUE_WRAPPER_FIX,"Wrapper-fix evidence is direct enough: Rust use in request at worktrees/v6.11/rust/kernel/firmware.rs:20 reaches `request_firmware`, and the oracle names a same-path Rust helper/wrapper change (a23b018c3b... firmware_loader: fix soundness issue in `request_internal` files=[""rust/kernel/firmware.rs""]). Build breakage is absent, so this is not a build label.",binddrift_review_pooled_pending
6803125ff872e3227a67019fc0446a5276e1b50887f3faeb4dc615d4a17e9104,W-000027,latest-p012-v6.12-to-v6.13,48,AllocationFreeDrift,SignatureDrift,request_firmware,118,-6.5,"binding_diff,c_signature,no_impact_gate,rust_use",FALSE_POSITIVE,"Old/new evidence is generated Rust binding spelling churn, effectively core::ffi to ffi, not a supported C signature or layout drift. The oracle does not tie a fix to that alias-only change.",FALSE_POSITIVE,"The old/new evidence is generated-binding-only and appears to be ffi namespace or type-rendering churn, not a concrete C API drift. Wrapper oracle text is not enough to rescue the warning without a matching diff.",FALSE_POSITIVE,"Old/new evidence for `request_firmware` is generated Rust type spelling churn, mainly `core::ffi` to `ffi`, not a supported C contract drift. Wrapper oracle text and absent build evidence do not rescue the warning.",binddrift_review_pooled_pending
902a8dc15556e6d38e997b8c66acf49788a304d45cd7d68d93df5eea88e72b17,W-000006,latest-p010-v6.10-to-v6.11,49,AllocationFreeDrift,SignatureDrift,firmware_request_platform,125,-8.85,,BENIGN_DRIFT,"Generated bindings show the symbol appearing, but Rust exposure is only a generated binding edge and build breakage is absent. The wrapper oracle is not enough by itself to show a same-contract fix.",FALSE_POSITIVE,The packet supports only an added generated binding with no old C evidence and no Rust exposure beyond the binding edge. The wrapper oracle is undiffed and not enough for a TRUE label.,FALSE_POSITIVE,"The packet supports only generated binding/layout evidence for `firmware_request_platform` with binding-only Rust exposure. There is no direct old/new C source diff, no build evidence, and the wrapper oracle is weak or broad.",binddrift_review_pooled_pending
566f88e8dcb1dfb0c2b643fb382f1bce18fd53578c1be90d11dd0e8400b65eaa,W-000028,latest-p012-v6.12-to-v6.13,50,AllocationFreeDrift,SignatureDrift,request_firmware_direct,126,-8.85,"binding_diff,c_signature,no_impact_gate,random",FALSE_POSITIVE,"Old/new evidence is generated Rust binding spelling churn, effectively core::ffi to ffi, not a supported C signature or layout drift. The oracle does not tie a fix to that alias-only change.",FALSE_POSITIVE,"The old/new evidence is generated-binding-only and appears to be ffi namespace or type-rendering churn, not a concrete C API drift. Wrapper oracle text is not enough to rescue the warning without a matching diff.",FALSE_POSITIVE,"Old/new evidence for `request_firmware_direct` is generated Rust type spelling churn, mainly `core::ffi` to `ffi`, not a supported C contract drift. Wrapper oracle text and absent build evidence do not rescue the warning.",binddrift_review_pooled_pending
50396f37b53c3bf5b94fc7f6ddede1813d021c61342187f5398fc695eba0441f,W-000008,latest-p010-v6.10-to-v6.11,51,AllocationFreeDrift,SignatureDrift,request_firmware_direct,128,-8.85,,BENIGN_DRIFT,"Generated bindings show the symbol appearing, but Rust exposure is only a generated binding edge and build breakage is absent. The wrapper oracle is not enough by itself to show a same-contract fix.",FALSE_POSITIVE,The packet supports only an added generated binding with no old C evidence and no Rust exposure beyond the binding edge. The wrapper oracle is undiffed and not enough for a TRUE label.,FALSE_POSITIVE,"The packet supports only generated binding/layout evidence for `request_firmware_direct` with binding-only Rust exposure. There is no direct old/new C source diff, no build evidence, and the wrapper oracle is weak or broad.",binddrift_review_pooled_pending
02c26309c1f80248feeb3e7cbc990a809a103a62661b24c1797a3e44bc1f8ad6,W-000020,latest-p012-v6.12-to-v6.13,52,AllocationFreeDrift,SignatureDrift,firmware_request_platform,133,-8.85,"binding_diff,c_signature,no_impact_gate",FALSE_POSITIVE,"Old/new evidence is generated Rust binding spelling churn, effectively core::ffi to ffi, not a supported C signature or layout drift. The oracle does not tie a fix to that alias-only change.",FALSE_POSITIVE,"The old/new evidence is generated-binding-only and appears to be ffi namespace or type-rendering churn, not a concrete C API drift. Wrapper oracle text is not enough to rescue the warning without a matching diff.",FALSE_POSITIVE,"Old/new evidence for `firmware_request_platform` is generated Rust type spelling churn, mainly `core::ffi` to `ffi`, not a supported C contract drift. Wrapper oracle text and absent build evidence do not rescue the warning.",binddrift_review_pooled_pending
fa81a32987fd295b364d30c797263e06f7aa2bd4d8c339f9832f5fd822d9d5c2,W-000120,latest-p017-v6.17-to-v6.18,53,AllocationFreeDrift,SignatureDrift,atomic_fetch_and_release,141,-9.85,"c_signature,no_impact_gate",BENIGN_DRIFT,"Generated bindings show the symbol appearing, but Rust exposure is only a generated binding edge and build breakage is absent. The wrapper oracle is not enough by itself to show a same-contract fix.",FALSE_POSITIVE,The packet supports only an added generated binding with no old C evidence and no Rust exposure beyond the binding edge. The wrapper oracle is undiffed and not enough for a TRUE label.,FALSE_POSITIVE,"The packet supports only generated binding/layout evidence for `atomic_fetch_and_release` with binding-only Rust exposure. There is no direct old/new C source diff, no build evidence, and the wrapper oracle is weak or broad.",binddrift_review_pooled_pending
f7d10a31a56e5415b533ac2ac8018979b48e70405e1b413eab0e00755437a65f,W-000059,latest-p017-v6.17-to-v6.18,54,AllocationFreeDrift,SignatureDrift,atomic64_fetch_xor_release,142,-9.85,"c_signature,no_graph,no_impact_gate,random",BENIGN_DRIFT,"Generated bindings show the symbol appearing, but Rust exposure is only a generated binding edge and build breakage is absent. The wrapper oracle is not enough by itself to show a same-contract fix.",FALSE_POSITIVE,The packet supports only an added generated binding with no old C evidence and no Rust exposure beyond the binding edge. The wrapper oracle is undiffed and not enough for a TRUE label.,FALSE_POSITIVE,"The packet supports only generated binding/layout evidence for `atomic64_fetch_xor_release` with binding-only Rust exposure. There is no direct old/new C source diff, no build evidence, and the wrapper oracle is weak or broad.",binddrift_review_pooled_pending
f22d6580a681102637a9fbfe2f5860f086e5b6f89f2a8ff9025e5e50b2019aa9,W-000002,latest-p013-v6.13-to-v6.14,55,AllocationFreeDrift,SignatureDrift,devm_platform_ioremap_resource,145,-9.85,"binding_diff,c_signature,no_impact_gate,random,rust_use",BENIGN_DRIFT,"Generated bindings show the symbol appearing, but Rust exposure is only a generated binding edge and build breakage is absent. The wrapper oracle is not enough by itself to show a same-contract fix.",FALSE_POSITIVE,The packet supports only an added generated binding with no old C evidence and no Rust exposure beyond the binding edge. The wrapper oracle is undiffed and not enough for a TRUE label.,FALSE_POSITIVE,"The packet supports only generated binding/layout evidence for `devm_platform_ioremap_resource` with binding-only Rust exposure. There is no direct old/new C source diff, no build evidence, and the wrapper oracle is weak or broad.",binddrift_review_pooled_pending
e67cc1cf596bb268225067d1f4520765ffcca33cdf8673e5409ecf24d01f9b00,W-000078,latest-p017-v6.17-to-v6.18,56,AllocationFreeDrift,SignatureDrift,atomic64_sub_return_release,149,-9.85,c_signature,BENIGN_DRIFT,"Generated bindings show the symbol appearing, but Rust exposure is only a generated binding edge and build breakage is absent. The wrapper oracle is not enough by itself to show a same-contract fix.",FALSE_POSITIVE,The packet supports only an added generated binding with no old C evidence and no Rust exposure beyond the binding edge. The wrapper oracle is undiffed and not enough for a TRUE label.,FALSE_POSITIVE,"The packet supports only generated binding/layout evidence for `atomic64_sub_return_release` with binding-only Rust exposure. There is no direct old/new C source diff, no build evidence, and the wrapper oracle is weak or broad.",binddrift_review_pooled_pending
d9180837b61b46a377f48aa56872844e1ddeae3bc634a0912491b2655f104b2e,W-000092,latest-p017-v6.17-to-v6.18,57,AllocationFreeDrift,SignatureDrift,atomic_add_negative_release,163,-9.85,c_signature,BENIGN_DRIFT,"Generated bindings show the symbol appearing, but Rust exposure is only a generated binding edge and build breakage is absent. The wrapper oracle is not enough by itself to show a same-contract fix.",FALSE_POSITIVE,The packet supports only an added generated binding with no old C evidence and no Rust exposure beyond the binding edge. The wrapper oracle is undiffed and not enough for a TRUE label.,FALSE_POSITIVE,"The packet supports only generated binding/layout evidence for `atomic_add_negative_release` with binding-only Rust exposure. There is no direct old/new C source diff, no build evidence, and the wrapper oracle is weak or broad.",binddrift_review_pooled_pending
d13252e78abf38e29c0f29c98d6b26a8e36b6aac25eb528ab826e38e111fd223,W-000007,latest-p017-v6.17-to-v6.18,58,AllocationFreeDrift,SignatureDrift,atomic64_add_negative_release,167,-9.85,"c_signature,no_graph,random",BENIGN_DRIFT,"Generated bindings show the symbol appearing, but Rust exposure is only a generated binding edge and build breakage is absent. The wrapper oracle is not enough by itself to show a same-contract fix.",FALSE_POSITIVE,The packet supports only an added generated binding with no old C evidence and no Rust exposure beyond the binding edge. The wrapper oracle is undiffed and not enough for a TRUE label.,FALSE_POSITIVE,"The packet supports only generated binding/layout evidence for `atomic64_add_negative_release` with binding-only Rust exposure. There is no direct old/new C source diff, no build evidence, and the wrapper oracle is weak or broad.",binddrift_review_pooled_pending
cd28b411bb7f9c171c19271fb83eabf01ea95f77baae8a3089d22cfe267458af,W-000051,latest-p017-v6.17-to-v6.18,59,AllocationFreeDrift,SignatureDrift,atomic64_fetch_or_release,169,-9.85,"c_signature,no_graph",BENIGN_DRIFT,"Generated bindings show the symbol appearing, but Rust exposure is only a generated binding edge and build breakage is absent. The wrapper oracle is not enough by itself to show a same-contract fix.",FALSE_POSITIVE,The packet supports only an added generated binding with no old C evidence and no Rust exposure beyond the binding edge. The wrapper oracle is undiffed and not enough for a TRUE label.,FALSE_POSITIVE,"The packet supports only generated binding/layout evidence for `atomic64_fetch_or_release` with binding-only Rust exposure. There is no direct old/new C source diff, no build evidence, and the wrapper oracle is weak or broad.",binddrift_review_pooled_pending
ccac1e8f0c9d64f6f8cc6aeb7fad9733ea8731a1ceb3e1afcb4ce2d554f0003e,W-000103,latest-p017-v6.17-to-v6.18,60,AllocationFreeDrift,SignatureDrift,atomic_cmpxchg_release,172,-9.85,"c_signature,random",BENIGN_DRIFT,"Generated bindings show the symbol appearing, but Rust exposure is only a generated binding edge and build breakage is absent. The wrapper oracle is not enough by itself to show a same-contract fix.",FALSE_POSITIVE,The packet supports only an added generated binding with no old C evidence and no Rust exposure beyond the binding edge. The wrapper oracle is undiffed and not enough for a TRUE label.,FALSE_POSITIVE,"The packet supports only generated binding/layout evidence for `atomic_cmpxchg_release` with binding-only Rust exposure. There is no direct old/new C source diff, no build evidence, and the wrapper oracle is weak or broad.",binddrift_review_pooled_pending
13b89c36d23f9a50ec5173d30d90d736e3f828d7bf9695eb0d5262d384624fc0,W-000012,latest-p018-v6.18-to-v6.19,61,SleepabilityContextDrift,MacroConstDrift,VM_LOCKONFAULT,27,13.05,,UNCLEAR,"The VM_* macro source expression changed and Rust has an unsafe-wrapper exposure, but the packet lacks old/new generated binding evidence and any oracle. The evidence does not show whether INIT_VM_FLAG changes the Rust-visible value or contract.",BENIGN_DRIFT,"C macro spelling changed and Rust references the generated VM flag area, but the packet lacks generated binding value evidence or a Rust stale numeric assumption. The exposure appears robust to regenerated constants; no build or wrapper oracle.",BENIGN_DRIFT,"C macro spelling for VM_LOCKONFAULT changed, but Rust virt flags mirror bindings::VM_LOCKONFAULT rather than hardcoding numeric values. No build or wrapper oracle and no stale Rust assumption is shown.",
6f343849efc7e34b3800ce1b64b2de12eed139f23a9af2df211b2362dac2fa63,W-000002,latest-p016-v6.16-to-v6.17,62,SleepabilityContextDrift,SignatureDrift,fsleep,82,9.2,random,TRUE_WRAPPER_FIX,"The generated binding change reaches a Rust safe API or unsafe wrapper, and the wrapper oracle names a later Rust helper/wrapper change in the same symbol family or exposure path. No build breakage is shown.",TRUE_WRAPPER_FIX,The packet cites Rust wrapper/helper code for this symbol and a later same-module Rust commit that plausibly changes the matching wrapper path. I do not infer build breakage or semantic drift beyond that wrapper-fix evidence.,TRUE_WRAPPER_FIX,"Wrapper-fix evidence is direct enough: safe Rust API fsleep reaches `fsleep`, and the oracle names a same-path Rust helper/wrapper change (d4b29ddf82... rust: time: Add wrapper for fsleep() function files=[""rust/helpers/time.c"", ""rust/kernel/time.rs"", ""rust/kernel/time/delay.rs""]). Build breakage is absent, so this is not a build label.",binddrift_review_pooled_pending
b8b19b54ec9862d401523751d415d75a030126a78867895a7aa4aa224d4ee9e9,W-000005,latest-p012-v6.12-to-v6.13,63,SleepabilityContextDrift,SignatureDrift,__mutex_init,94,7.85,,TRUE_WRAPPER_FIX,"__mutex_init is reached from the Rust mutex helper, and the oracle hit explicitly fixes __mutex_init usage for PREEMPT_RT in rust/helpers/mutex.c. This directly addresses the same helper contract.",TRUE_WRAPPER_FIX,"Later Rust wrapper/helper/binding evidence is in the same exposed API area and plausibly addresses the warned symbol or contract. C source evidence may be binding-only and no build log is present, so this is a wrapper-fix label, not build breakage.",TRUE_WRAPPER_FIX,"No build oracle. Rust mutex helper code reaches __mutex_init, and the oracle explicitly fixes __mutex_init usage for PREEMPT_RT in rust/helpers/mutex.c.",
5bdc46821e9ba95cda0154dcb8f39973f1121cf83b337b0c1249880a16419fe4,W-000001,latest-p011-v6.11-to-v6.12,64,SleepabilityContextDrift,SignatureDrift,__mutex_init,96,7.85,,TRUE_WRAPPER_FIX,"__mutex_init is reached from the Rust mutex helper, and the oracle hit explicitly fixes __mutex_init usage for PREEMPT_RT in rust/helpers/mutex.c. This directly addresses the same helper contract.",TRUE_WRAPPER_FIX,"Later Rust wrapper/helper/binding evidence is in the same exposed API area and plausibly addresses the warned symbol or contract. C source evidence may be binding-only and no build log is present, so this is a wrapper-fix label, not build breakage.",TRUE_WRAPPER_FIX,"No build oracle. Rust mutex helper code reaches __mutex_init, and the oracle explicitly fixes __mutex_init usage for PREEMPT_RT in rust/helpers/mutex.c.",
aafa9fbe1168d4071fbb6468d2c21c4b7d345cdda43eeb2a2cca99796f875bec,W-000004,latest-p020-v7.0-to-HEAD_9207d47f966b,65,SleepabilityContextDrift,SignatureDrift,gpu_buddy_block_offset,107,6.85,"binding_diff,rust_use",TRUE_WRAPPER_FIX,"The generated binding change reaches a Rust safe API or unsafe wrapper, and the wrapper oracle names a later Rust helper/wrapper change in the same symbol family or exposure path. No build breakage is shown.",UNCLEAR,"There is Rust-side use and a related commit family, but the C evidence is only generated absent-to-added data and the packet lacks the full wrapper diff needed to confirm the same contract.",UNCLEAR,"The packet has Rust use in offset at worktrees/HEAD_9207d47f966b/rust/kernel/gpu/buddy.rs:566 for `gpu_buddy_block_offset`, but C evidence is generated absent-to-added data and the full same-contract wrapper diff is missing. The oracle is related but not enough for TRUE_WRAPPER_FIX.",binddrift_review_pooled_pending
72d45586384391741569440d9bb104ae62ca9b5c5288d38d162f17e513f5c3f7,W-000005,latest-p020-v7.0-to-HEAD_9207d47f966b,66,SleepabilityContextDrift,SignatureDrift,gpu_buddy_block_order,109,6.85,"binding_diff,random,rust_use",TRUE_WRAPPER_FIX,"The generated binding change reaches a Rust safe API or unsafe wrapper, and the wrapper oracle names a later Rust helper/wrapper change in the same symbol family or exposure path. No build breakage is shown.",UNCLEAR,"There is Rust-side use and a related commit family, but the C evidence is only generated absent-to-added data and the packet lacks the full wrapper diff needed to confirm the same contract.",UNCLEAR,"The packet has Rust use in order at worktrees/HEAD_9207d47f966b/rust/kernel/gpu/buddy.rs:572 for `gpu_buddy_block_order`, but C evidence is generated absent-to-added data and the full same-contract wrapper diff is missing. The oracle is related but not enough for TRUE_WRAPPER_FIX.",binddrift_review_pooled_pending
ead0c820c9cef70503d65f4b047bd4117c1a2e9d12b7cdea28c78d511f17a644,W-000026,latest-p012-v6.12-to-v6.13,67,SleepabilityContextDrift,SignatureDrift,queue_work_on,119,-7.5,"binding_diff,c_signature,no_impact_gate,random,rust_use",FALSE_POSITIVE,"Old/new evidence is generated Rust binding spelling churn, effectively core::ffi to ffi, not a supported C signature or layout drift. The oracle does not tie a fix to that alias-only change.",FALSE_POSITIVE,"The old/new evidence is generated-binding-only and appears to be ffi namespace or type-rendering churn, not a concrete C API drift. Wrapper oracle text is not enough to rescue the warning without a matching diff.",FALSE_POSITIVE,"Old/new evidence for `queue_work_on` is generated Rust type spelling churn, mainly `core::ffi` to `ffi`, not a supported C contract drift. Wrapper oracle text and absent build evidence do not rescue the warning.",binddrift_review_pooled_pending
f88a81c160de94d71b79d1c22444d3c0dac388f87bcba511bb21ddc9449a3a69,W-000001,latest-p010-v6.10-to-v6.11,68,SleepabilityContextDrift,SignatureDrift,blk_queue_flag_clear,123,-8.85,"c_signature,no_impact_gate",BENIGN_DRIFT,"Generated bindings show the symbol appearing, but Rust exposure is only a generated binding edge and build breakage is absent. The wrapper oracle is not enough by itself to show a same-contract fix.",FALSE_POSITIVE,The packet supports only an added generated binding with no old C evidence and no Rust exposure beyond the binding edge. The wrapper oracle is undiffed and not enough for a TRUE label.,FALSE_POSITIVE,"The packet supports only generated binding/layout evidence for `blk_queue_flag_clear` with binding-only Rust exposure. There is no direct old/new C source diff, no build evidence, and the wrapper oracle is weak or broad.",binddrift_review_pooled_pending
ba3c8dfd0dcd9585ca08db8baeb53d2685cf71c6c5b7fd164306909d830b3c5d,W-000011,latest-p012-v6.12-to-v6.13,69,SleepabilityContextDrift,SignatureDrift,blk_queue_flag_clear,124,-8.85,"binding_diff,c_signature,no_impact_gate",FALSE_POSITIVE,"Old/new evidence is generated Rust binding spelling churn, effectively core::ffi to ffi, not a supported C signature or layout drift. The oracle does not tie a fix to that alias-only change.",FALSE_POSITIVE,"The old/new evidence is generated-binding-only and appears to be ffi namespace or type-rendering churn, not a concrete C API drift. Wrapper oracle text is not enough to rescue the warning without a matching diff.",FALSE_POSITIVE,"Old/new evidence for `blk_queue_flag_clear` is generated Rust type spelling churn, mainly `core::ffi` to `ffi`, not a supported C contract drift. Wrapper oracle text and absent build evidence do not rescue the warning.",binddrift_review_pooled_pending
50fe78febd1863a0a3cea0a34596a43ae5a7829c56e34555fdd9029c1d1b8126,W-000002,latest-p010-v6.10-to-v6.11,70,SleepabilityContextDrift,SignatureDrift,blk_queue_flag_set,127,-8.85,random,BENIGN_DRIFT,"Generated bindings show the symbol appearing, but Rust exposure is only a generated binding edge and build breakage is absent. The wrapper oracle is not enough by itself to show a same-contract fix.",FALSE_POSITIVE,The packet supports only an added generated binding with no old C evidence and no Rust exposure beyond the binding edge. The wrapper oracle is undiffed and not enough for a TRUE label.,FALSE_POSITIVE,"The packet supports only generated binding/layout evidence for `blk_queue_flag_set` with binding-only Rust exposure. There is no direct old/new C source diff, no build evidence, and the wrapper oracle is weak or broad.",binddrift_review_pooled_pending
2edf861adaa353a061316f9b63667ad5cd6067f0a52b396046d0604890ee6b88,W-000012,latest-p012-v6.12-to-v6.13,71,SleepabilityContextDrift,SignatureDrift,blk_queue_flag_set,131,-8.85,"binding_diff,c_signature,no_impact_gate",FALSE_POSITIVE,"Old/new evidence is generated Rust binding spelling churn, effectively core::ffi to ffi, not a supported C signature or layout drift. The oracle does not tie a fix to that alias-only change.",FALSE_POSITIVE,"The old/new evidence is generated-binding-only and appears to be ffi namespace or type-rendering churn, not a concrete C API drift. Wrapper oracle text is not enough to rescue the warning without a matching diff.",FALSE_POSITIVE,"Old/new evidence for `blk_queue_flag_set` is generated Rust type spelling churn, mainly `core::ffi` to `ffi`, not a supported C contract drift. Wrapper oracle text and absent build evidence do not rescue the warning.",binddrift_review_pooled_pending
ff533a4ff6c94504944f67ded0e0d0cbefc4c2cfa19229f312c0c726730b2578,W-000121,latest-p017-v6.17-to-v6.18,72,SleepabilityContextDrift,SignatureDrift,atomic_fetch_andnot,135,-9.85,"c_signature,no_impact_gate,random",BENIGN_DRIFT,"Generated bindings show the symbol appearing, but Rust exposure is only a generated binding edge and build breakage is absent. The wrapper oracle is not enough by itself to show a same-contract fix.",FALSE_POSITIVE,The packet supports only an added generated binding with no old C evidence and no Rust exposure beyond the binding edge. The wrapper oracle is undiffed and not enough for a TRUE label.,FALSE_POSITIVE,"The packet supports only generated binding/layout evidence for `atomic_fetch_andnot` with binding-only Rust exposure. There is no direct old/new C source diff, no build evidence, and the wrapper oracle is weak or broad.",binddrift_review_pooled_pending
fdcea87036bed01e6fcea2ade67eedef8d8d6b3df9355f2b6ff45c6d85ace7ac,W-000102,latest-p017-v6.17-to-v6.18,73,SleepabilityContextDrift,SignatureDrift,atomic_cmpxchg_relaxed,136,-9.85,"c_signature,no_impact_gate",BENIGN_DRIFT,"Generated bindings show the symbol appearing, but Rust exposure is only a generated binding edge and build breakage is absent. The wrapper oracle is not enough by itself to show a same-contract fix.",FALSE_POSITIVE,The packet supports only an added generated binding with no old C evidence and no Rust exposure beyond the binding edge. The wrapper oracle is undiffed and not enough for a TRUE label.,FALSE_POSITIVE,"The packet supports only generated binding/layout evidence for `atomic_cmpxchg_relaxed` with binding-only Rust exposure. There is no direct old/new C source diff, no build evidence, and the wrapper oracle is weak or broad.",binddrift_review_pooled_pending
fd8413f9220fe84bac2a97609d08dcf875f3f7c922f085aa51b7ff3d1265e584,W-000053,latest-p017-v6.17-to-v6.18,74,SleepabilityContextDrift,SignatureDrift,atomic64_fetch_sub_acquire,137,-9.85,"c_signature,no_graph,no_impact_gate",BENIGN_DRIFT,"Generated bindings show the symbol appearing, but Rust exposure is only a generated binding edge and build breakage is absent. The wrapper oracle is not enough by itself to show a same-contract fix.",FALSE_POSITIVE,The packet supports only an added generated binding with no old C evidence and no Rust exposure beyond the binding edge. The wrapper oracle is undiffed and not enough for a TRUE label.,FALSE_POSITIVE,"The packet supports only generated binding/layout evidence for `atomic64_fetch_sub_acquire` with binding-only Rust exposure. There is no direct old/new C source diff, no build evidence, and the wrapper oracle is weak or broad.",binddrift_review_pooled_pending
fb45290d55a2a71bdaab2f17e23685ec9c9e2a2ce020407caf05a9bec173d996,W-000022,latest-p017-v6.17-to-v6.18,75,SleepabilityContextDrift,SignatureDrift,atomic64_dec_return,138,-9.85,"c_signature,no_graph,no_impact_gate",BENIGN_DRIFT,"Generated bindings show the symbol appearing, but Rust exposure is only a generated binding edge and build breakage is absent. The wrapper oracle is not enough by itself to show a same-contract fix.",FALSE_POSITIVE,The packet supports only an added generated binding with no old C evidence and no Rust exposure beyond the binding edge. The wrapper oracle is undiffed and not enough for a TRUE label.,FALSE_POSITIVE,"The packet supports only generated binding/layout evidence for `atomic64_dec_return` with binding-only Rust exposure. There is no direct old/new C source diff, no build evidence, and the wrapper oracle is weak or broad.",binddrift_review_pooled_pending
fae84bd46b99633f34b574b4bf3ed897a82e64cffd54ca14153f7d7ffb9ef960,W-000054,latest-p017-v6.17-to-v6.18,76,SleepabilityContextDrift,SignatureDrift,atomic64_fetch_sub_relaxed,139,-9.85,"c_signature,no_graph,no_impact_gate",BENIGN_DRIFT,"Generated bindings show the symbol appearing, but Rust exposure is only a generated binding edge and build breakage is absent. The wrapper oracle is not enough by itself to show a same-contract fix.",FALSE_POSITIVE,The packet supports only an added generated binding with no old C evidence and no Rust exposure beyond the binding edge. The wrapper oracle is undiffed and not enough for a TRUE label.,FALSE_POSITIVE,"The packet supports only generated binding/layout evidence for `atomic64_fetch_sub_relaxed` with binding-only Rust exposure. There is no direct old/new C source diff, no build evidence, and the wrapper oracle is weak or broad.",binddrift_review_pooled_pending
fa884a540642a49387974276d6cb6784c1125cad71c979d5ef335e1177f90c73,W-000114,latest-p017-v6.17-to-v6.18,77,SleepabilityContextDrift,SignatureDrift,atomic_fetch_add_relaxed,140,-9.85,"c_signature,no_impact_gate",BENIGN_DRIFT,"Generated bindings show the symbol appearing, but Rust exposure is only a generated binding edge and build breakage is absent. The wrapper oracle is not enough by itself to show a same-contract fix.",FALSE_POSITIVE,The packet supports only an added generated binding with no old C evidence and no Rust exposure beyond the binding edge. The wrapper oracle is undiffed and not enough for a TRUE label.,FALSE_POSITIVE,"The packet supports only generated binding/layout evidence for `atomic_fetch_add_relaxed` with binding-only Rust exposure. There is no direct old/new C source diff, no build evidence, and the wrapper oracle is weak or broad.",binddrift_review_pooled_pending
f6ef46f55cf4414178e84694e7ab702fab4875c495fbdff6256a9fda65aef97e,W-000042,latest-p017-v6.17-to-v6.18,78,SleepabilityContextDrift,SignatureDrift,atomic64_fetch_dec_relaxed,143,-9.85,"c_signature,no_graph,no_impact_gate",BENIGN_DRIFT,"Generated bindings show the symbol appearing, but Rust exposure is only a generated binding edge and build breakage is absent. The wrapper oracle is not enough by itself to show a same-contract fix.",FALSE_POSITIVE,The packet supports only an added generated binding with no old C evidence and no Rust exposure beyond the binding edge. The wrapper oracle is undiffed and not enough for a TRUE label.,FALSE_POSITIVE,"The packet supports only generated binding/layout evidence for `atomic64_fetch_dec_relaxed` with binding-only Rust exposure. There is no direct old/new C source diff, no build evidence, and the wrapper oracle is weak or broad.",binddrift_review_pooled_pending
e9bce770466a6c362a3c3ca083792a088fbe8adb14d6559a53caae5b41374aa4,W-000135,latest-p017-v6.17-to-v6.18,79,SleepabilityContextDrift,SignatureDrift,atomic_fetch_or_relaxed,146,-9.85,"c_signature,no_impact_gate,random",BENIGN_DRIFT,"Generated bindings show the symbol appearing, but Rust exposure is only a generated binding edge and build breakage is absent. The wrapper oracle is not enough by itself to show a same-contract fix.",FALSE_POSITIVE,The packet supports only an added generated binding with no old C evidence and no Rust exposure beyond the binding edge. The wrapper oracle is undiffed and not enough for a TRUE label.,FALSE_POSITIVE,"The packet supports only generated binding/layout evidence for `atomic_fetch_or_relaxed` with binding-only Rust exposure. There is no direct old/new C source diff, no build evidence, and the wrapper oracle is weak or broad.",binddrift_review_pooled_pending
e8c877d2334e8837ef7e945e8861b806c29cf1e7a3268bf463c75d2cb90206ad,W-000088,latest-p017-v6.17-to-v6.18,80,SleepabilityContextDrift,SignatureDrift,atomic_add,147,-9.85,"c_signature,no_impact_gate",BENIGN_DRIFT,"Generated bindings show the symbol appearing, but Rust exposure is only a generated binding edge and build breakage is absent. The wrapper oracle is not enough by itself to show a same-contract fix.",FALSE_POSITIVE,The packet supports only an added generated binding with no old C evidence and no Rust exposure beyond the binding edge. The wrapper oracle is undiffed and not enough for a TRUE label.,FALSE_POSITIVE,"The packet supports only generated binding/layout evidence for `atomic_add` with binding-only Rust exposure. There is no direct old/new C source diff, no build evidence, and the wrapper oracle is weak or broad.",binddrift_review_pooled_pending
6349706efa7389e805a7c8f7ddcfdac58408b60d584bf6965eb1a679431a152d,W-000002,latest-p018-v6.18-to-v6.19,81,LayoutFieldDrift,FieldDrift,request,30,12.0,,BENIGN_DRIFT,"Generated request layout gained phys_gap_bit, but Rust wraps bindings::request opaquely and uses pointer/refcount helpers. No packet evidence shows Rust relying on that field; wrapper-fix summaries are not field-specific.",BENIGN_DRIFT,"Binding/layout drift is shown, but the packet does not show Rust depending on the changed field/layout member or contract. Rust exposure appears pointer/wrapper-level or otherwise robust; wrapper hits are absent or not the same drift.",BENIGN_DRIFT,"Binding/layout drift is shown for request, but Rust exposure is pointer/opaque/wrapper-level through Request<T>::aref_from_raw, Request<T>::complete, Request<T>::wrapper_ptr; the packet shows no access to the changed field or direct same-contract fix.",
4a687423f6942a1f923ca47534f404f4b2a91d6cea4bb503baba951b6d15b660,W-000003,latest-p011-v6.11-to-v6.12,82,LayoutFieldDrift,FieldDrift,request,31,12.0,,BENIGN_DRIFT,"Binding layout shows request gained nr_integrity_segments, while Rust wraps bindings::request opaquely and uses pointer/refcount helpers. The oracle summaries mention formatting/refcount work, not this field or layout contract.",BENIGN_DRIFT,"Binding/layout drift is shown, but the packet does not show Rust depending on the changed field/layout member or contract. Rust exposure appears pointer/wrapper-level or otherwise robust; wrapper hits are absent or not the same drift.",BENIGN_DRIFT,"Binding/layout drift is shown for request, but Rust exposure is pointer/opaque/wrapper-level through Request<T>::aref_from_raw, Request<T>::wrapper_ptr; the packet shows no access to the changed field or direct same-contract fix.",
123ef188d45289c4c30a5f87427e1cd39adfc99b15af11e87b4bd1fd309b5d73,W-000038,latest-p012-v6.12-to-v6.13,83,LayoutFieldDrift,FieldDrift,request,32,12.0,,BENIGN_DRIFT,"Generated request layout changed, but Rust evidence shows Opaque<bindings::request>, ARef/from_raw, and helper access rather than reliance on the removed fields. The wrapper-fix summaries do not target those fields.",BENIGN_DRIFT,"Binding/layout drift is shown, but the packet does not show Rust depending on the changed field/layout member or contract. Rust exposure appears pointer/wrapper-level or otherwise robust; wrapper hits are absent or not the same drift.",BENIGN_DRIFT,"Binding/layout drift is shown for request, but Rust exposure is pointer/opaque/wrapper-level through Request<T>::aref_from_raw, Request<T>::wrapper_ptr; the packet shows no access to the changed field or direct same-contract fix.",
b562c8d2751dda820886aa3b550c3bad529d7b80c4686580aefea0f0524a3215,W-000009,latest-p020-v7.0-to-HEAD_9207d47f966b,84,LayoutFieldDrift,FieldDrift,device,33,11.75,,BENIGN_DRIFT,"Generated device layout swaps padding for flags, but Rust Device exposure remains opaque pointer/reference APIs. The packet does not show Rust reading the changed field or a fix addressing flags.",BENIGN_DRIFT,"Binding/layout drift is shown, but the packet does not show Rust depending on the changed field/layout member or contract. Rust exposure appears pointer/wrapper-level or otherwise robust; wrapper hits are absent or not the same drift.",BENIGN_DRIFT,"Binding/layout drift is shown for device, but Rust exposure is pointer/opaque/wrapper-level through Device::get_device, Device<Ctx>::as_raw, Device<Ctx>::parent; the packet shows no access to the changed field or direct same-contract fix.",
a0fe0e1a6ffe2ebdbd03cb0152ffdbd5d1b9588ee76f6cb5250dfa35986f2dd7,W-000033,latest-p012-v6.12-to-v6.13,85,LayoutFieldDrift,FieldDrift,device,34,11.75,,BENIGN_DRIFT,The device field changes are core::ffi to ffi type spelling only. Rust uses an opaque Device abstraction and pointer/reference helpers; no stale field or layout contract is shown.,FALSE_POSITIVE,"The packet shows generated binding churn or a namespace/type-alias-only change rather than supported C contract drift. Wrapper evidence is absent or not tied to the claimed drift, so the warning is not supported.",FALSE_POSITIVE,"The old/new evidence for device is only type-path or namespace churn such as core::ffi to ffi, with no supported C contract drift or direct same-drift wrapper fix.",
9b0fab9032f10591b94c1553e93299be447812eb458702d58e7081b01787ba14,W-000002,latest-p011-v6.11-to-v6.12,86,LayoutFieldDrift,FieldDrift,device,35,11.75,,BENIGN_DRIFT,"Generated layout evidence shows device.dma_ops was removed, but Rust evidence is an opaque Device pointer/reference abstraction with get_device/as_raw, not field access. Wrapper-fix hits are broad Device-adjacent summaries, not a demonstrated fix for dma_ops.",BENIGN_DRIFT,"Binding/layout drift is shown, but the packet does not show Rust depending on the changed field/layout member or contract. Rust exposure appears pointer/wrapper-level or otherwise robust; wrapper hits are absent or not the same drift.",BENIGN_DRIFT,"Binding/layout drift is shown for device, but Rust exposure is pointer/opaque/wrapper-level through Device::get_device, Device::as_raw; the packet shows no access to the changed field or direct same-contract fix.",
30e44b9dd8ba17e0a2152139307340078e8c73235ad9798be42a79a1cf587471,W-000001,latest-p019-v6.19-to-v7.0,87,LayoutFieldDrift,FieldDrift,device,36,11.75,,BENIGN_DRIFT,"device gained driver_override in generated layout, while Rust Device APIs use opaque pointers, references, parent, and config helpers rather than that field. Oracle hits are broad Device fixes, not this field drift.",BENIGN_DRIFT,"Binding/layout drift is shown, but the packet does not show Rust depending on the changed field/layout member or contract. Rust exposure appears pointer/wrapper-level or otherwise robust; wrapper hits are absent or not the same drift.",BENIGN_DRIFT,"Binding/layout drift is shown for device, but Rust exposure is pointer/opaque/wrapper-level through Device::get_device, Device<Ctx>::as_raw, Device<Ctx>::parent; the packet shows no access to the changed field or direct same-contract fix.",
d8a8b6a3a16e833d8d47b8d4164dff971b6c69bc11ddb2d48d8385c6a002dac0,W-000016,latest-p013-v6.13-to-v6.14,88,LayoutFieldDrift,FieldDrift,queue_limits,37,11.4,,TRUE_WRAPPER_FIX,queue_limits gained min_segment_size and Rust GenDiskBuilder reaches queue limit related bindings. The oracle hit explicitly fixes Rust block code using a removed queue limit API in gen_disk.rs.,TRUE_WRAPPER_FIX,"Later Rust wrapper/helper/binding evidence is in the same exposed API area and plausibly addresses the warned symbol or contract. C source evidence may be binding-only and no build log is present, so this is a wrapper-fix label, not build breakage.",TRUE_WRAPPER_FIX,"No build oracle. Rust GenDisk code reaches queue-limit bindings, and the oracle explicitly fixes Rust block code to avoid a removed queue-limit API in gen_disk.rs.",
c6fedd40f4293a2cf97cd21b46968e2da0844c4ef8fcd202fe3a2c9a3cc04e23,W-000178,latest-p017-v6.17-to-v6.18,89,LayoutFieldDrift,FieldDrift,kunit_case,38,11.4,,TRUE_WRAPPER_FIX,"kunit_case gained param_init/param_exit fields and Rust kunit code reaches kunit_case setup. The oracle hit uses pin_init::zeroed instead of a custom null value in kunit.rs/macros, plausibly addressing struct initialization.",BENIGN_DRIFT,"Binding/layout drift is shown, but the packet does not show Rust depending on the changed field/layout member or contract. Rust exposure appears pointer/wrapper-level or otherwise robust; wrapper hits are absent or not the same drift.",TRUE_WRAPPER_FIX,"No build oracle. kunit_case layout gained init/exit fields, and the oracle changes Rust KUnit setup to zeroed initialization, directly addressing the struct-initialization contract.",
83d2a00a70509a59f69b3d3eee1ceadc52dfdf0b8d2121d70bd3e8467c587a5d,W-000005,latest-p015-v6.15-to-v6.16,90,LayoutFieldDrift,FieldDrift,queue_limits,39,11.4,,TRUE_WRAPPER_FIX,queue_limits gained write-stream fields and Rust GenDiskBuilder reaches queue limit related bindings. The oracle hit explicitly fixes Rust block code using a removed queue limit API in gen_disk.rs.,TRUE_WRAPPER_FIX,"Later Rust wrapper/helper/binding evidence is in the same exposed API area and plausibly addresses the warned symbol or contract. C source evidence may be binding-only and no build log is present, so this is a wrapper-fix label, not build breakage.",TRUE_WRAPPER_FIX,"No build oracle. Rust GenDisk code reaches queue-limit bindings, and the oracle explicitly fixes Rust block code to avoid a removed queue-limit API in gen_disk.rs.",
6c81911bd7f34f5f8dbe99f4ebfc2abc21565486bb9115dc31ac4a9cc0cee234,W-000010,latest-p016-v6.16-to-v6.17,91,LayoutFieldDrift,FieldDrift,queue_limits,40,11.4,,TRUE_WRAPPER_FIX,queue_limits gained write-zeroes fields and Rust GenDiskBuilder reaches queue limit related bindings. The oracle hit explicitly fixes Rust block code using a removed queue limit API in gen_disk.rs.,TRUE_WRAPPER_FIX,"Later Rust wrapper/helper/binding evidence is in the same exposed API area and plausibly addresses the warned symbol or contract. C source evidence may be binding-only and no build log is present, so this is a wrapper-fix label, not build breakage.",TRUE_WRAPPER_FIX,"No build oracle. Rust GenDisk code reaches queue-limit bindings, and the oracle explicitly fixes Rust block code to avoid a removed queue-limit API in gen_disk.rs.",
5fb86ab05279e99657c3896aed39fa6ebf523145363bcb285edf744d28085856,W-000001,latest-p018-v6.18-to-v6.19,92,LayoutFieldDrift,FieldDrift,queue_limits,41,11.4,,TRUE_WRAPPER_FIX,queue_limits replaced min_segment_size with max_fast_segment_size and Rust GenDiskBuilder reaches queue limit related bindings. The oracle hit explicitly fixes use of a removed queue limit API in gen_disk.rs.,TRUE_WRAPPER_FIX,"Later Rust wrapper/helper/binding evidence is in the same exposed API area and plausibly addresses the warned symbol or contract. C source evidence may be binding-only and no build log is present, so this is a wrapper-fix label, not build breakage.",TRUE_WRAPPER_FIX,"No build oracle. Rust GenDisk code reaches queue-limit bindings, and the oracle explicitly fixes Rust block code to avoid a removed queue-limit API in gen_disk.rs.",
015e28f63fcd1525dedaa392e73278a8de6d06699b9ef77911ed729a53b54f2c,W-000036,latest-p012-v6.12-to-v6.13,93,LayoutFieldDrift,FieldDrift,queue_limits,42,11.4,,TRUE_WRAPPER_FIX,"queue_limits layout changed and Rust GenDiskBuilder reaches queue limit related bindings. The oracle hit explicitly says Rust block code does not use a removed queue limit API in gen_disk.rs, matching the same contract area.",TRUE_WRAPPER_FIX,"Later Rust wrapper/helper/binding evidence is in the same exposed API area and plausibly addresses the warned symbol or contract. C source evidence may be binding-only and no build log is present, so this is a wrapper-fix label, not build breakage.",TRUE_WRAPPER_FIX,"No build oracle. Rust GenDisk code reaches queue-limit bindings, and the oracle explicitly fixes Rust block code to avoid a removed queue-limit API in gen_disk.rs.",
c4db15ef412f4f82fb1709ab6fc668ce3ecdeb046df1d7f3cde9429b65f60b7c,W-000037,latest-p012-v6.12-to-v6.13,94,LayoutFieldDrift,FieldDrift,rb_node,43,10.75,,BENIGN_DRIFT,"rb_node evidence shows only core::ffi to ffi type spelling for __rb_parent_color. Rust RBTree exposure is real, but the oracle hit only fixes documentation section wording, not a layout or contract issue.",FALSE_POSITIVE,"The packet shows generated binding churn or a namespace/type-alias-only change rather than supported C contract drift. Wrapper evidence is absent or not tied to the claimed drift, so the warning is not supported.",FALSE_POSITIVE,"The old/new evidence for rb_node is only type-path or namespace churn such as core::ffi to ffi, with no supported C contract drift or direct same-drift wrapper fix.",
d4fd2d81c8ea1bd71aa9c8e51e75613ad2801a95df3ed67cf348c5f8fa04fe4c,W-000003,latest-p019-v6.19-to-v7.0,95,LayoutFieldDrift,FieldDrift,platform_device,76,9.4,,TRUE_WRAPPER_FIX,platform_device layout removed driver_override and Rust platform::Device wrapper invariants are exposed. Oracle hits fix unrestricted &mut platform::Device and invariant comments in platform.rs.,BENIGN_DRIFT,"Binding/layout drift is shown, but the packet does not show Rust depending on the changed field/layout member or contract. Rust exposure appears pointer/wrapper-level or otherwise robust; wrapper hits are absent or not the same drift.",BENIGN_DRIFT,"Binding/layout drift is shown for platform_device, but Rust exposure is pointer/opaque/wrapper-level through probe_callback, remove_callback, as_raw; the packet shows no access to the changed field or direct same-contract fix.",
ae348361d574223a3384ab601ee8015a17248220b7e8ea67d54be20cfd450290,W-000001,latest-p014-v6.14-to-v6.15,96,LayoutFieldDrift,FieldDrift,pci_dev,77,9.4,,TRUE_WRAPPER_FIX,"pci_dev layout gained rebar_cap and Rust pci::Device has transparent/opaque wrapper invariants. The oracle hit fixes unrestricted &mut pci::Device in pci.rs, plausibly addressing the same wrapper contract.",BENIGN_DRIFT,"Binding/layout drift is shown, but the packet does not show Rust depending on the changed field/layout member or contract. Rust exposure appears pointer/wrapper-level or otherwise robust; wrapper hits are absent or not the same drift.",BENIGN_DRIFT,"Binding/layout drift is shown for pci_dev, but Rust exposure is pointer/opaque/wrapper-level through remove_callback, as_raw; the packet shows no access to the changed field or direct same-contract fix.",
7b622777128724e9183fa37106812fce0809806260543c99914aa2e909ec1749,W-000004,latest-p015-v6.15-to-v6.16,97,LayoutFieldDrift,FieldDrift,pci_dev,78,9.4,,TRUE_WRAPPER_FIX,"pci_dev layout removed match_driver and Rust pci::Device has transparent/opaque wrapper invariants. The oracle hit fixes unrestricted &mut pci::Device in pci.rs, plausibly addressing the same wrapper contract.",BENIGN_DRIFT,"Binding/layout drift is shown, but the packet does not show Rust depending on the changed field/layout member or contract. Rust exposure appears pointer/wrapper-level or otherwise robust; wrapper hits are absent or not the same drift.",BENIGN_DRIFT,"Binding/layout drift is shown for pci_dev, but Rust exposure is pointer/opaque/wrapper-level through remove_callback, as_raw, try_from; the packet shows no access to the changed field or direct same-contract fix.",
34cd2b28230e324c1c97d1fcd8b3c22618051a1f95de08599e8061defcb23084,W-000002,latest-p019-v6.19-to-v7.0,98,LayoutFieldDrift,FieldDrift,pci_dev,79,9.4,,TRUE_WRAPPER_FIX,"pci_dev layout gained acs_capabilities/msi_addr_mask and Rust pci::Device wrapper invariants are exposed. The oracle hit fixes unrestricted &mut pci::Device in pci.rs, plausibly addressing that wrapper contract.",BENIGN_DRIFT,"Binding/layout drift is shown, but the packet does not show Rust depending on the changed field/layout member or contract. Rust exposure appears pointer/wrapper-level or otherwise robust; wrapper hits are absent or not the same drift.",BENIGN_DRIFT,"Binding/layout drift is shown for pci_dev, but Rust exposure is pointer/opaque/wrapper-level through remove_callback, as_raw, try_from; the packet shows no access to the changed field or direct same-contract fix.",
1684ee80e43bb27af70ea76aea4ea2364eac187a511a765f6da1b35a5df990d4,W-000010,latest-p020-v7.0-to-HEAD_9207d47f966b,99,LayoutFieldDrift,FieldDrift,pci_dev,80,9.4,,TRUE_WRAPPER_FIX,"pci_dev layout removed driver_override and Rust pci::Device wrapper invariants are exposed. The oracle hit fixes unrestricted &mut pci::Device in pci.rs, plausibly addressing that wrapper contract.",BENIGN_DRIFT,"Binding/layout drift is shown, but the packet does not show Rust depending on the changed field/layout member or contract. Rust exposure appears pointer/wrapper-level or otherwise robust; wrapper hits are absent or not the same drift.",BENIGN_DRIFT,"Binding/layout drift is shown for pci_dev, but Rust exposure is pointer/opaque/wrapper-level through remove_callback, as_raw, try_from; the packet shows no access to the changed field or direct same-contract fix.",
58a01dd294eb2ff57be67b6378972edf712bcfbdeac81adb6aafe51503486784,W-000014,latest-p013-v6.13-to-v6.14,100,LayoutFieldDrift,FieldDrift,pci_dev,86,9.05,,TRUE_WRAPPER_FIX,"pci_dev changed from opaque/zero-field binding to full layout, and Rust has pci::Device unsafe-wrapper/invariant evidence. The oracle hit fixes unrestricted &mut pci::Device in rust/kernel/pci.rs, plausibly addressing that wrapper contract.",FALSE_POSITIVE,"The old binding has zero struct fields and the new binding exposes the whole struct, which looks like generated binding/opacity churn rather than supported C-side field drift. The wrapper hit is not field-specific.",FALSE_POSITIVE,"The old binding for pci_dev has zero fields while the new one exposes the struct, which looks like bindgen opacity/config churn rather than supported C field drift.",
