sample_id,is_correct,error_type,notes
c_behavior_indicators-001,true,,ERR_PTR return is inside of_regulator_get_optional
c_behavior_indicators-002,false,REGEX_ARTIFACT,memalloc_noio_save changes allocation context and is not an allocation call
c_behavior_indicators-003,true,,kunit_kmalloc delegates to kunit_kmalloc_array
c_behavior_indicators-004,true,,negative errno return is inside request_firmware_into_buf
c_behavior_indicators-005,true,,dev_pm_opp_put is a put API stub and symbol matches
c_behavior_indicators-006,true,,negative errno return is inside clk_notifier_register
c_behavior_indicators-007,true,,NULL return is inside pci_get_subsys
c_behavior_indicators-008,true,,kfree call is inside vma_numab_state_free
c_behavior_indicators-009,true,,NULL return is inside devm_clk_get_optional_enabled_with_rate
c_behavior_indicators-010,true,,negative errno return is inside pcibios_err_to_errno
c_behavior_indicators-011,true,,NULL return is inside errname
c_behavior_indicators-012,true,,ERR_PTR return is inside acpi_get_table_pointer
c_behavior_indicators-013,true,,negative errno return is inside acpi_processor_evaluate_cst
c_behavior_indicators-014,true,,negative errno return is inside of_get_required_opp_performance_state
c_behavior_indicators-015,false,REGEX_ARTIFACT,large_kmalloc is only checked in a predicate and get_page does not allocate
c_behavior_indicators-016,true,,ERR_PTR return is inside dev_pm_opp_find_freq_exact_indexed
c_behavior_indicators-017,true,,negative errno return is inside acpi_debugger_read_cmd
c_behavior_indicators-018,true,,ERR_PTR assignment is returned by copy_pid_ns
c_behavior_indicators-019,true,,negative errno return is inside phy_start_cable_test
c_behavior_indicators-020,true,,negative errno return is inside pci_request_regions
c_behavior_indicators-021,true,,NULL return is inside blk_mq_tag_to_rq
c_behavior_indicators-022,true,,negative errno return is inside security_socket_getpeersec_stream
c_behavior_indicators-023,true,,spin_lock call is inside rust_helper_spin_lock
c_behavior_indicators-024,true,,negative errno return is inside devm_pm_opp_of_add_table
c_behavior_indicators-025,true,,negative errno return is inside clk_notifier_register
c_behavior_indicators-026,true,,devm_pwmchip_alloc delegates to pwmchip_alloc
c_behavior_indicators-027,true,,might_alloc is in the xa_alloc_cyclic_bh allocation path
c_behavior_indicators-028,true,,negative errno return is inside phy_start_cable_test_tdr
c_behavior_indicators-029,true,,negative errno return is inside dup_user_cpus_ptr
c_behavior_indicators-030,true,,might_sleep call is inside clk_bulk_prepare
c_behavior_indicators-031,false,REGEX_ARTIFACT,kfree_rcu_scheduler_running is an empty scheduler hook and not a free operation
c_behavior_indicators-032,true,,negative errno return is inside dma_get_sgtable_attrs
c_behavior_indicators-033,true,,negative errno return is inside pwm_apply_might_sleep
c_behavior_indicators-034,true,,NULL return is inside devm_clk_get_prepared
c_behavior_indicators-035,true,,NULL return is inside clk_get
c_behavior_indicators-036,true,,ERR_PTR return is inside debugfs_create_file
c_behavior_indicators-037,true,,negative errno return is inside cpufreq_boost_set_sw
c_behavior_indicators-038,true,,negative errno return is inside blk_validate_block_size
c_behavior_indicators-039,true,,NULL return is inside get_cred_rcu
c_behavior_indicators-040,true,,devm_clk_put is a put API stub and symbol matches
c_behavior_indicators-041,true,,NULL return is inside devm_clk_get_enabled
c_behavior_indicators-042,true,,negative errno return is inside pci_enable_ptm
c_behavior_indicators-043,true,,vma_numab_state_free is a free API stub and symbol matches
c_behavior_indicators-044,true,,NULL return is inside cpufreq_cpu_policy
c_behavior_indicators-045,true,,kset_put call is inside subsys_put
c_behavior_indicators-046,true,,config_item_put call is inside config_group_put
c_behavior_indicators-047,true,,negative errno return is inside dev_pm_opp_set_rate
c_behavior_indicators-048,true,,dmam_alloc_coherent delegates to dmam_alloc_attrs
c_behavior_indicators-049,true,,clk_get call is inside rust_helper_clk_get
c_behavior_indicators-050,true,,NULL return is inside pci_get_device
c_behavior_indicators-051,true,,negative errno return is inside dev_pm_opp_get_supplies
c_behavior_indicators-052,true,,NULL return is inside cpufreq_cpu_get
c_behavior_indicators-053,true,,ERR_PTR return is inside of_clk_get
c_behavior_indicators-054,true,,NULL return is inside pci_find_next_bus
c_behavior_indicators-055,true,,pagetable_alloc_noprof calls alloc_pages_noprof
c_behavior_indicators-056,true,,kunit_kmalloc delegates to kunit_kmalloc_array
c_behavior_indicators-057,true,,NULL return is inside pci_get_device_reverse
c_behavior_indicators-058,true,,might_alloc is in the xa_alloc_cyclic_irq allocation path
c_behavior_indicators-059,true,,regulator_get call is inside rust_helper_regulator_get
c_behavior_indicators-060,true,,negative errno return is inside pcibios_err_to_errno
c_behavior_indicators-061,true,,rcu_read_lock call is inside rust_helper_rcu_read_lock
c_behavior_indicators-062,true,,negative errno return is inside usb_translate_errors
c_behavior_indicators-063,true,,negative errno return is inside clk_set_duty_cycle
c_behavior_indicators-064,false,REGEX_ARTIFACT,kmalloc_index appears in a BUG message and no allocation occurs
c_behavior_indicators-065,true,,bitmap_allocate_region call is inside bitmap_find_free_region
c_behavior_indicators-066,true,,might_sleep call is inside pwm_put
c_behavior_indicators-067,true,,negative errno return is inside kiocb_set_rw_flags
c_behavior_indicators-068,true,,rust_helper_dma_alloc_attrs calls dma_alloc_attrs
c_behavior_indicators-069,true,,negative errno return is inside find_acpi_cache_level_from_id
c_behavior_indicators-070,true,,devtmpfs_create_node is a create API stub and symbol matches
c_behavior_indicators-071,true,,kset_get call is inside subsys_get
c_behavior_indicators-072,true,,negative errno return is inside clk_set_phase
c_behavior_indicators-073,true,,negative errno return is inside security_socket_getpeersec_dgram
c_behavior_indicators-074,true,,NULL return is inside devm_clk_get_optional_enabled
c_behavior_indicators-075,true,,negative errno return is inside acpi_dev_uid_to_integer
c_behavior_indicators-076,true,,negative errno return is inside dma_get_sgtable_attrs
c_behavior_indicators-077,true,,NULL return is inside regulator_get
c_behavior_indicators-078,true,,NULL return is inside pci_get_base_class
c_behavior_indicators-079,true,,negative errno return is inside firmware_request_nowarn
c_behavior_indicators-080,true,,negative errno return is inside firmware_request_nowarn
c_behavior_indicators-081,true,,debugfs_create_xul delegates to debugfs_create_x32 or debugfs_create_x64
c_behavior_indicators-082,true,,negative errno return is inside dev_pm_opp_add_dynamic
c_behavior_indicators-083,true,,negative errno return is inside pci_msix_vec_count
c_behavior_indicators-084,true,,negative errno return is inside security_inode_copy_up_xattr
c_behavior_indicators-085,true,,ERR_PTR return is inside acpi_get_subsystem_id
c_behavior_indicators-086,true,,ERR_PTR return is inside devm_fwnode_pwm_get
c_behavior_indicators-087,true,,ptlock_alloc call is inside ptlock_init
c_behavior_indicators-088,true,,sched_core_free is a free API stub and symbol matches
c_behavior_indicators-089,true,,negative errno return is inside dev_pm_opp_of_add_table
c_behavior_indicators-090,true,,NULL return is inside clk_get_parent
c_behavior_indicators-091,true,,negative errno return is inside request_firmware_direct
c_behavior_indicators-092,true,,PTR_ERR call supports the IS_ERR_CHECK indicator family
c_behavior_indicators-093,true,,negative errno return is inside dev_pm_opp_get_supplies
c_behavior_indicators-094,true,,negative errno return is inside clk_set_duty_cycle
c_behavior_indicators-095,true,,negative errno return is inside pwm_config
c_behavior_indicators-096,true,,ERR_PTR return is inside dev_pm_opp_get_opp_table
c_behavior_indicators-097,true,,negative errno return is inside kiocb_set_rw_flags
c_behavior_indicators-098,true,,dma_alloc_wc delegates to dma_alloc_attrs
c_behavior_indicators-099,true,,NULL return is inside cpufreq_cpu_get_raw
c_behavior_indicators-100,true,,negative errno return is inside pci_irq_vector
